{"Fid":"frLHdomNQNyIW_OXs_UujQ","Status":3,"AuthToken":"eyJhbGciOiJFUzI1NiIsInR5cCI6IkpXVCJ9.eyJhcHBJZCI6IjE6MzY4NjUyMjY0MTA3OmFuZHJvaWQ6OTMwYWJhOWIyNzQxZmM5NTI5OGRlZSIsImV4cCI6MTc3MTkwOTA0NSwiZmlkIjoiZnJMSGRvbU5RTnlJV19PWHNfVXVqUSIsInByb2plY3ROdW1iZXIiOjM2ODY1MjI2NDEwN30.AB2LPV8wRQIhAN9KoiNbgZA2jPRWbGaH0qHZRWq7XYqrzk509NlxhDhIAiA9ix3oMZ3XisN8zxDhlIbu-HuLcolvUTqBcKlz02y4Ug","RefreshToken":"3_AS3qfwKBpuHOi3dZJx82RmkoIO0rHSNvb8KZu3Aufx8C57Mh8P8YFZECk6BYc764tDj05kTDYGWhqntJx5fAAJofQxZbRcyiceyzFdUp2-06ezE","TokenCreationEpochInSecs":1771304246,"ExpiresInSecs":604800}