<?xml version='1.0' encoding='utf-8' standalone='yes' ?>
<map>
    <string name="reset_pin">Reset PIN</string>
    <string name="cancel">CANCEL</string>
    <string name="oops_txt">Oops!</string>
    <string name="play_channel">Play Channel</string>
    <string name="simple_login_popup_negative">Cancel</string>
    <string name="videos">Videos</string>
    <string name="sign_in_with_google">Sign in with Google</string>
    <string name="see_all_txt">See all</string>
    <string name="errorPopupn">Yes</string>
    <string name="buy_text">Buy</string>
    <string name="play_movie">Play Movie</string>
    <string name="password">Password</string>
    <string name="downloadPopup">Subscribe to Download Videos</string>
    <string name="forgot_password_new">Forgot password?</string>
    <string name="trending_search">Trending Search</string>
    <string name="share_via">Share via</string>
    <string name="create_parental_pin_new">Create your 4 Digit Parental Control PIN. This will be required to access the Non-Kids content on this platform</string>
    <string name="new_confirm_pin_be_same">New pin and confirm pin should be same</string>
    <string name="simple_login_popup_positive">Proceed</string>
    <string name="currently_no_videos">Currently, there are no videos</string>
    <string name="my_downloads">My Downloads</string>
    <string name="setLightThemeText">Light Theme</string>
    <string name="upgrade">Upgrade</string>
    <string name="sign_up">SIGN UP</string>
    <string name="edit">EDIT</string>
    <string name="please_enter_registered_email">Please enter your registered email address</string>
    <string name="account_details">Account Details</string>
    <string name="DeleteDownloadPopupn">Cancel</string>
    <string name="who_watching">Who's Watching</string>
    <string name="watch_now">Watch Now</string>
    <string name="version">Version:</string>
    <string name="enter_six_digit_pin">Please enter 6 digit pin</string>
    <string name="svod_login_popup_positive_button">Proceed</string>
    <string name="DeviceLimitWarningPopup_description">You have reached the maximum limit of authorized devices per user. You can remove a device to continue streaming.</string>
    <string name="pin_confirm_pin_same">Pin and confirm pin should be same</string>
    <string name="sign_in_with_email">Sign in with Email</string>
    <string name="unable_to_delete_the_content">Unable to delete the content.</string>
    <string name="reume_doanload">Resume Download</string>
    <string name="google_error">Oops!. You had previously logged in using Google, please login via Google to continue</string>
    <string name="all_channels">All Channels</string>
    <string name="login_message_txt">If you don't see your country code please switch off your vpn and refresh the page</string>
    <string name="unable_to_play_video">Unable to play this video</string>
    <string name="SitiSwitchPopuppos">Shemaroo Account</string>
    <string name="ExitPopupn">No</string>
    <string name="download_cancelled_txt">Download Cancelled</string>
    <string name="content_not_downloaded">Content not yet downloaded.</string>
    <string name="profile_txt">Profile</string>
    <string name="preview_not_available">Preview Not Available!</string>
    <string name="buynowPopup">This movie is available on ShemarooMe Box Office</string>
    <string name="min_length_needed">Minimum length of 6 characters is mandatory</string>
    <string name="sign_in_with_mobile">Mobile Number</string>
    <string name="no_match_search_txt">We could not find anything matching</string>
    <string name="popular_searches_plural">Popular Searches</string>
    <string name="pls_re_login">Something went wrong, please re-login</string>
    <string name="search">Search</string>
    <string name="kids_cannot_access">Kids cannot access manage profiles.</string>
    <string name="svod_login_popup_negative_button">Cancel</string>
    <string name="retry_txt">Retry</string>
    <string name="RenuSwitchPopuppos">Shemaroo Account</string>
    <string name="no_search_result_layout">We could not find what you searched for. Please check the spelling or try another term.</string>
    <string name="share_msg_txt">I'm watching some really amazing videos on ShemarooMe. Check this one. It's one of my favourites!</string>
    <string name="email">E-mail</string>
    <string name="language_txt">Language</string>
    <string name="kids">Kids</string>
    <string name="try_again">Try Again</string>
    <string name="mobile_number_updated">Phone number updated sucessfully</string>
    <string name="unable_to_play_try_after_some">Unable to Play! , Please try after some time</string>
    <string name="MeghaSwitchPopup">Do you want to switch to your Meghbela account or want to remain signed in to your Shemaroome Account?</string>
    <string name="clearwatchhistoryPopup">Clear Watch History</string>
    <string name="search_result">Search Results</string>
    <string name="added_to_list">Added to your My List successfully</string>
    <string name="already_subscribed">already subscribed?</string>
    <string name="added_security_txt">For added security, we are now collecting mobile number. Please enter your mobile number to proceed.</string>
    <string name="create_pin">Create PIN</string>
    <string name="other_channels">Other Channels</string>
    <string name="manage_profile">Manage Profiles</string>
    <string name="change_pin">Change PIN</string>
    <string name="enter_mobile_no">Enter your mobile number</string>
    <string name="new_pin">New pin</string>
    <string name="item_deleted">Item deleted successfully from My List</string>
    <string name="downloaded_text">Downloaded</string>
    <string name="invalid_session_id">Invalid session id</string>
    <string name="pin_mailed_to_user_txt">PIN has been mailed to the user</string>
    <string name="DeviceLimit_text">Device Limit Reached</string>
    <string name="clearwatchhistoryPopupn">No</string>
    <string name="accept_terms_and_condition_txt">Please accept Terms and Conditions</string>
    <string name="verify_otp_txt">Verify OTP</string>
    <string name="LogoutPopup">Are you sure you want to Sign-Out?</string>
    <string name="audio_language">Audio</string>
    <string name="speakagain_text">Didn't catch, please try to speak again</string>
    <string name="download_failed">Download failed</string>
    <string name="NttplSwitchPopupn">NTTPL account</string>
    <string name="create_list">Create your list now!</string>
    <string name="change_password">Change Password</string>
    <string name="user_settings">User Settings</string>
    <string name="old_password">Old Password</string>
    <string name="view">View</string>
    <string name="incorrect_pin">Incorrect PIN</string>
    <string name="continue">Continue</string>
    <string name="select_any_one_language">Please select any one language</string>
    <string name="tvodloginPopup">You have not logged in.Please login.</string>
    <string name="link_sent_to_email">A Link has been sent to your Registered Email</string>
    <string name="please_enter_otp">Please enter OTP</string>
    <string name="setThemeText">Set Theme</string>
    <string name="sign_in">SIGN IN</string>
    <string name="SitiSwitchPopupn">Siticable account</string>
    <string name="mobile_no_empty">Mobile number is empty</string>
    <string name="gdpr_popup_positive">Continue</string>
    <string name="region_detection_error">Region Detection Error!</string>
    <string name="ExitPopuppos">Yes</string>
    <string name="sign_in_with_region_credentials">Continue to experience ShemarooMe in this region by Signing Up using credentials valid for this region</string>
    <string name="subscription_plan">Subscription Plan</string>
    <string name="search_edit_box_hint_txt">Movies, Shows, Videos, Plays</string>
    <string name="ExitconfirmPopupn">Ok</string>
    <string name="old_pin">Old pin</string>
    <string name="file_size_limit">File size exceeds Max limit of 1MB</string>
    <string name="enter_six_digit_code">Enter the 6 digit code to activate the device</string>
    <string name="resume_text">Resume</string>
    <string name="social_medias_name_txt">Facebook, Google, Email</string>
    <string name="name">Name</string>
    <string name="privacy_settings">Privacy Settings</string>
    <string name="buy_ticket_at">Buy TICKET@ </string>
    <string name="gdpr_popup_title">Terms Of Service and Usage</string>
    <string name="download_completed_txt">Download Completed</string>
    <string name="my_list">My List</string>
    <string name="new_pin_should_not_be_same">New pin shouldn't be same as old pin</string>
    <string name="next">Next</string>
    <string name="setDarkThemeText">Dark Theme</string>
    <string name="cancelDownloadPopup">Do you want to cancel the download ?</string>
    <string name="add_movies_to_watchlist">Add movies, shows and songs to your Watchlist by pressing the 'My List' button.</string>
    <string name="back">Back</string>
    <string name="sorry_txt">Sorry!</string>
    <string name="oops_something_went_wrong_title">Oops! Something went wrong</string>
    <string name="sign_in_via_google">Signed in via Google</string>
    <string name="starring_txt">Starring</string>
    <string name="confirm_password">Confirm Password</string>
    <string name="mandatory_field">This field is mandatory</string>
    <string name="subscribed_user_txt">*Subscribed user please Sign in through your existing details to continue</string>
    <string name="buynowPopupn">Cancel</string>
    <string name="clearwatchhistoryPopuppos">Yes</string>
    <string name="resumeDownloadPopup">Do you want to resume the download?</string>
    <string name="downloads">Downloads</string>
    <string name="invalid_region_for_account">Your ShemarooMe account is not valid for use in this region.We will see you once you are back home</string>
    <string name="enter_parental_pin">Please enter your 4 digit Parental Control PIN to access this user profile</string>
    <string name="RenuSwitchPopup">Do you want to switch to your Renuplay account or want to remain signed in to your Shemaroome Account?</string>
    <string name="recent_searches_plural">Recent Searches</string>
    <string name="live">Live</string>
    <string name="more_in_txt">More in</string>
    <string name="monthly_plan_text">Monthly</string>
    <string name="sign_up_with_casing">Sign Up</string>
    <string name="DeviceLimitWarningPopuppos">MANAGE</string>
    <string name="AddtoMyListPopup">You have to login to add to My List</string>
    <string name="like_text">Like</string>
    <string name="quarterly_plan_text">Quarterly</string>
    <string name="go_to_my_downloads">Go to my downloads</string>
    <string name="home">Home</string>
    <string name="just_redeem">REDEEM YOUR CODE</string>
    <string name="trending_searches_plural">Trending Searches</string>
    <string name="ExitPopup">Are you sure you want to exit?</string>
    <string name="pls_re_enter_new_pin">Please re-enter your new 4 digit pin</string>
    <string name="sign_in_with_casing">Sign In</string>
    <string name="sign_in_via_facebook">Signed in via Facebook</string>
    <string name="registered_devices">Registered Devices</string>
    <string name="channel_detail">Listen</string>
    <string name="simple_login_popup_title">You have not logged in.Please login.</string>
    <string name="privacy_policy">Privacy Policy</string>
    <string name="new_password">New Password</string>
    <string name="sign_up_sign_in">Sign Up / Sign In</string>
    <string name="confirm_txt">Confirm</string>
    <string name="downloads_appear_here">Movies, TV shows and Videos that you download appear here.</string>
    <string name="tvodloginPopupn">Cancel</string>
    <string name="quality_check_must">Quality check must</string>
    <string name="buy_now">Buy Now</string>
    <string name="select_video_quality">Select Video Quality</string>
    <string name="weekly_plan_text">Weekly</string>
    <string name="setDefaultThemeText">System Default</string>
    <string name="subscription_txt">Subscription</string>
    <string name="search_results_for_txt">Search Results for</string>
    <string name="not_enough_memory_popup_positive">Delete</string>
    <string name="view_plans">View Plans</string>
    <string name="new_user">If you are new user</string>
    <string name="simple_hey_txt">Hey</string>
    <string name="oops_something_went_wrong_positive_button">Ok</string>
    <string name="faq">FAQ's</string>
    <string name="country_change_download_clear_popup_positive">Ok</string>
    <string name="forgot_pin_title_text">Forgot PIN</string>
    <string name="connect_caps">CONNECT</string>
    <string name="add_clips_to_watchlist">Add Clips to your watchlist by pressing the 'Mylist' button</string>
    <string name="enter__registered_email_">Enter your registered E-mail Id</string>
    <string name="not_enough_memory_popup_negative">Cancel</string>
    <string name="LogoutPopuppos">Yes</string>
    <string name="connect_with_google">Connect with Google</string>
    <string name="country_change_download_clear_popup">By clicking OK, you will be signed out and your downloaded content will be deleted</string>
    <string name="already_in_same_profile">Already in same profile</string>
    <string name="device_settings">Device Settings</string>
    <string name="connect_with_facebook">Connect with Facebook</string>
    <string name="sign_in_via_mobile">Signed in via Mobile</string>
    <string name="password_changed">Password successfully changed</string>
    <string name="exist_user">If already a Shemaroome user</string>
    <string name="parental_control">Parental Control</string>
    <string name="remember_my_choice">Remember My Choice</string>
    <string name="NttplSwitchPopuppos">Shemaroo Account</string>
    <string name="errorPopup">Are you sure you want to exit?</string>
    <string name="delete_selected_item_popup_positive">Delete</string>
    <string name="activate_device">Activate Device</string>
    <string name="resend_otp">Re-send OTP</string>
    <string name="skip_text">Skip</string>
    <string name="here_txt">here</string>
    <string name="SubscribeLoginPopuppos">Subscribe Now</string>
    <string name="select_quality_popup_option_low">Low</string>
    <string name="type_here">Type here…</string>
    <string name="password_not_match">Passwords do not match</string>
    <string name="pls_enter_current_pin">Please enter current 4 digit pin</string>
    <string name="enter_email_and_password">Enter your E-mail Id and password</string>
    <string name="notifications">Notifications</string>
    <string name="go_back_txt">GO BACK</string>
    <string name="browse">Browse</string>
    <string name="invalid_mobile_no">Invalid mobile number</string>
    <string name="play_video">Play Video</string>
    <string name="storage_permission">Please provide storage permission in app settings</string>
    <string name="Logout_txt">Logout</string>
    <string name="save">Save</string>
    <string name="change_caps">CHANGE</string>
    <string name="contact_us">Contact Us</string>
    <string name="you_may_like">You may also like</string>
    <string name="shemaroo_me_txt">ShemarooMe</string>
    <string name="enter_pin">Enter PIN</string>
    <string name="watching_movie_trailer">You are watching Trailer of the movie</string>
    <string name="play_text">Play</string>
    <string name="trailer">Trailer</string>
    <string name="allowmicaccess_text">Please allow mic access</string>
    <string name="delete_selected_item_popup_negative">Cancel</string>
    <string name="download_setting_cleared">Download Setting Cleared</string>
    <string name="verify">Verify</string>
    <string name="DeleteDownloadPopup">Are you sure you want to delete the Item</string>
    <string name="select_quality_popup_option_medium">Medium</string>
    <string name="share">Share</string>
    <string name="file_uploading">Please wait,file is being uploaded</string>
    <string name="DeviceLimitWarningPopupn">Cancel</string>
    <string name="shorts">Shorts</string>
    <string name="privacy_policy_sub_text">By signing in you agree to</string>
    <string name="sign_out">Sign Out</string>
    <string name="country_change_download_clear_popup_negative">Cancel</string>
    <string name="pls_re_enter_4_digit_pin">Please re-enter 4 digit pin</string>
    <string name="enter_your_email_id">Enter your E-mail id</string>
    <string name="no_plans">You have no active plans</string>
    <string name="pls_enter_valid_email">Please enter valid email address</string>
    <string name="search_suggestions_txt">You can browse our most popular movies and shows on the home page.</string>
    <string name="device_login_successful">Device login successful</string>
    <string name="parking_message_txt">Subscription is active, Billing pending</string>
    <string name="continue_watching">Continue Watching</string>
    <string name="sign_in_via_email">Signed in via Email</string>
    <string name="file_uploaded_successfully">File Uploaded Successfully</string>
    <string name="synopsis">Synopsis</string>
    <string name="SubscribeLoginPopup">Subscribe to Unlock Premium Videos</string>
    <string name="queued_txt">Queued</string>
    <string name="LoginToLikePopup">You have to login to Like a Clip</string>
    <string name="sms_charges_may_apply">We will send an SMS to verify your phone number. Carrier SMS charges may apply</string>
    <string name="create_parental_pin">Create your 4 digit Parental Control PIN. Use this PIN to restrict access to non-Kids content.</string>
    <string name="shemaroo_not_available_in_country">ShemarooMe is not available in your country yet!</string>
    <string name="confirm_new_password">Confirm New Password</string>
    <string name="download_paused_txt">Download Paused</string>
    <string name="SubscribePopuppos">Subscribe Now</string>
    <string name="AddtoMyListPopuppos">Proceed</string>
    <string name="earn_for_life">Earn4Life</string>
    <string name="SubscribePopup">Subscribe to Unlock Premium Videos ALREADY SUBSCRIBED? LOGIN</string>
    <string name="buynowPopuppos">Buy Ticket</string>
    <string name="fb_error">Oops!. You had previously logged in using Facebook, please login via Facebook to continue</string>
    <string name="popular_search">Popular Search</string>
    <string name="pls_check_your_internet">Please check your internet connection</string>
    <string name="pauseDownload">Pause Download</string>
    <string name="enter_valid_otp">please enter valid OTP</string>
    <string name="SubscribePopupn">Cancel</string>
    <string name="MeghaSwitchPopuppos">Shemaroo Account</string>
    <string name="google_terms">Tap Continue to accept Google’s Terms. Data Policy, cookie use and the Privacy Policy and Terms of Service of Shemaroo.</string>
    <string name="download_settings">Download Settings</string>
    <string name="cancel_download_negative_button">Go back</string>
    <string name="terms_of_use">Terms of Use</string>
    <string name="yearly_plan_text">Yearly</string>
    <string name="select_quality_popup_option_high">High</string>
    <string name="no_search_result">No Results found!</string>
    <string name="just_simp_enter_otp">Enter OTP</string>
    <string name="NttplSwitchPopup">Do you want to switch to your NTTPL account or want to remain signed in to your Shemaroome Account?</string>
    <string name="gdpr_check_box_button">I agree to terms and conditions</string>
    <string name="profile_name">Profile Name</string>
    <string name="download">Download</string>
    <string name="play_epi">Play Episode</string>
    <string name="downloading">Downloading</string>
    <string name="login_text">Login</string>
    <string name="ExitconfirmconfirmPopup">Thank you for using the ShemarooMe app.</string>
    <string name="enter_otp_received_on_mobile">Please enter the OTP received on the mobile number</string>
    <string name="half_yearly_plan_text">Half Yearly</string>
    <string name="enter_your_email_id_to_get_reset_pin_link">Enter your Email-Id to get reset pin link</string>
    <string name="setContextText">Contest</string>
    <string name="settings">Settings</string>
    <string name="you_need_to_do_this">You'll only need to do this once</string>
    <string name="pls_enter_new_pin">Please enter your new 4 digit pin</string>
    <string name="enter_otp">Enter your OTP</string>
    <string name="google_play_issue">There is issues with Google play! Please select other payment gateways !!</string>
    <string name="clear_Watch_history">Clear Watch History</string>
    <string name="premium_text">Premium</string>
    <string name="delete_selected_item_popup_title">Are you sure you want to delete the selected item(s)?</string>
    <string name="invalid_activation_code">Invalid 6 Digit activation code</string>
    <string name="watching_show_trailer">You are watching Trailer of the show</string>
    <string name="forgot_pin">Forgot Pin?</string>
    <string name="listening_text">Listening</string>
    <string name="already_have_shemaroo_acc">We've noticed you already have a ShemarooMe account for</string>
    <string name="pause">PAUSE</string>
    <string name="enter_4_digit_pin_txt">Enter 4 digit pin</string>
    <string name="shorts_cannot_view_in_kids">Clips cannot be viewed in the Kids profile, Please change profile to view clips</string>
    <string name="DeleteDownloadText">Delete from Download</string>
    <string name="SubscribeLoginPopupn">Cancel</string>
    <string name="recent_search">Recent Search</string>
    <string name="confirm_new_pin">Confirm New PIN</string>
    <string name="SitiSwitchPopup">Do you want to switch to your Siticable account or want to remain signed in to your Shemaroome Account?</string>
    <string name="MeghaSwitchPopupn">Meghbela account</string>
    <string name="LogoutPopupn">No</string>
    <string name="contest_offer_text">Contest Offer</string>
    <string name="send">Send</string>
    <string name="kid_profile">Kid Profile</string>
    <string name="clips_text">Clips</string>
    <string name="enter_password_to_connect_to_google">Enter your ShemarooMe password to connect it with your Google account</string>
    <string name="all_episodes">All Episodes</string>
    <string name="search_box_title">Search for Movies, Shows, Videos, Plays</string>
    <string name="incorrect_password">Incorrect password</string>
    <string name="sign_up_or_sign_in_with">Sign Up or Sign In with</string>
    <string name="not_enough_memory_popup_title">Not enough memory! Do you want to cancel download?</string>
    <string name="cancel_download_positive_button">Cancel</string>
    <string name="svod_login_popup_title">You have not logged in. To purchase the plan please login.</string>
    <string name="subscribe_now">Subscribe Now</string>
    <string name="playnew_text">Play</string>
    <string name="parental_control_pin_changed">Parent Control PIN Has Been Successfully Changed</string>
    <string name="redeem">REDEEM YOUR CODE</string>
    <string name="ok">ok</string>
    <string name="file_format">Sorry,this file type is not permitted Allowed file type jpg,pdf,png</string>
    <string name="DeleteDownloadPopuppos">confirm</string>
    <string name="edit_profile">Edit Profile</string>
    <string name="get_otp_txt">Get OTP</string>
    <string name="continue_with_facebook">Continue with Facebook</string>
    <string name="RenuSwitchPopupn">Renuplay account</string>
    <string name="subscribe">Subscribe</string>
    <string name="pls_enter_4_digit_pin">Please enter 4 digit pin</string>
    <string name="DeviceLimitWarningPopup">Device Limit Reached</string>
    <string name="disable_adult_content">This action will enable or disable all the adult content.</string>
    <string name="clear">CLEAR</string>
    <string name="tvodloginPopuppos">Subscribe Now</string>
    <string name="otp_sent_to_mobile">OTP has been sent to your Registered Mobile Number</string>
    <string name="family_safe">Family Safe</string>
    <string name="watch_history">Your watch history is cleared</string>
    <string name="redeem_ticket">Redeem Code</string>
    <string name="AddtoMyListPopupn">Cancel</string>
    <string name="clearwatchhistoryPopup_description">Are you sure you want to clear your watch history? Your watch history helps us give you better recommendations.</string>
    <string name="forgot_password">Forgot Password</string>
    <string name="enter_password_to_connect_to_fb">Enter your ShemarooMe password to connect it with your Facebook account</string>
</map>
