<?xml version='1.0' encoding='utf-8' standalone='yes' ?>
<map>
    <string name="prev_event_name">Catalogue_Browse</string>
    <int name="AF_CACHE_VERSION" value="1" />
    <long name="prev_event_timestamp" value="1770404028459" />
    <boolean name="didSendRevenueTriggerOnLastBackground" value="false" />
    <long name="prev_session_dur" value="26" />
    <string name="sentSuccessfully">true</string>
    <boolean name="sentRegisterRequestToAF" value="true" />
    <string name="savedProperties">{&quot;uid&quot;:&quot;1742280310527-8981879230254056037&quot;,&quot;waitForCustomerId&quot;:&quot;false&quot;,&quot;AppUserId&quot;:&quot;925921097&quot;,&quot;currencyCode&quot;:&quot;INR&quot;}</string>
    <string name="AF_INSTALLATION">1742280310527-8981879230254056037</string>
    <int name="appsFlyerCount" value="7" />
    <long name="AppsFlyerTimePassedSincePrevLaunch" value="1770404018659" />
    <long name="af_rc_timestamp" value="1770403988593" />
    <string name="appsFlyerFirstInstall">2025-03-18_064510+0000</string>
    <long name="afUninstallToken_received_time" value="1769259527422" />
    <string name="attributionId">{&quot;install_time&quot;:&quot;2025-03-18 06:45:13.310&quot;,&quot;af_message&quot;:&quot;organic install&quot;,&quot;af_status&quot;:&quot;Organic&quot;,&quot;is_first_launch&quot;:false}</string>
    <int name="appsFlyerInAppEventCount" value="62" />
    <string name="afUninstallToken">cMfDlFhiTMW2mM9zWXIKUV:APA91bFqbHvIYzoV3dfkrCxaPNAbKs9Z78dLotT4eEWId3RV8sHwTO1oiBR3u2tH85vIjOqASFo-dK9hGFjSevu4n-tpSaqF69FCgx5gxo9Y2d4pX7Sp-IM</string>
    <boolean name="ddl_sent" value="true" />
    <long name="af_rc_max_age" value="86400" />
    <int name="versionCode" value="232" />
    <string name="af_remote_config">eyJmZWF0dXJlcyI6e30sInZlciI6ImRlZmF1bHQudjEuMTYzNzE0OTUyOSJ9</string>
    <long name="exception_number" value="257" />
    <boolean name="afUninstallToken_queued" value="false" />
    <boolean name="newGPReferrerSent" value="true" />
</map>
