<?xml version='1.0' encoding='utf-8' standalone='yes' ?>
<map>
    <string name="prev_event_name">Catalogue_Browse</string>
    <long name="prev_event_timestamp" value="1771299739210" />
    <int name="appsFlyerInAppEventCount" value="9" />
    <string name="afUninstallToken">cEGDTkS8S8KwwIny5-MXMX:APA91bEr3DCDmqSPXWPWsa6Zb6V6V_5X6dp527yMlLttt2-b1u3J6snsYe6webHLNnA24-kf9QSzS49GT5th-RL31BAxYe66VC7gDLLQ6g4kYRJf22hm_5s</string>
    <long name="prev_session_dur" value="7" />
    <boolean name="ddl_sent" value="true" />
    <long name="af_rc_max_age" value="86400" />
    <string name="sentSuccessfully">true</string>
    <int name="versionCode" value="131" />
    <string name="af_remote_config">eyJmZWF0dXJlcyI6e30sInZlciI6ImRlZmF1bHQudjEuMTYzNzE0OTUyOSJ9</string>
    <boolean name="sentRegisterRequestToAF" value="true" />
    <string name="savedProperties">{&quot;uid&quot;:&quot;1770690210914-645280594659259371&quot;,&quot;waitForCustomerId&quot;:&quot;false&quot;,&quot;AppUserId&quot;:&quot;925921097&quot;,&quot;advertiserId&quot;:&quot;883decef-a9cf-41cd-89e8-4fa43e61ef11&quot;,&quot;advertiserIdEnabled&quot;:&quot;true&quot;}</string>
    <string name="AF_INSTALLATION">1770690210914-645280594659259371</string>
    <long name="exception_number" value="233" />
    <boolean name="afUninstallToken_queued" value="true" />
    <int name="appsFlyerCount" value="5" />
    <long name="AppsFlyerTimePassedSincePrevLaunch" value="1771299737623" />
    <long name="af_rc_timestamp" value="1771299737513" />
    <boolean name="newGPReferrerSent" value="true" />
    <string name="appsFlyerFirstInstall">2026-02-10_022331+0000</string>
    <long name="afUninstallToken_received_time" value="1770690215282" />
</map>
