<?xml version='1.0' encoding='utf-8' standalone='yes' ?>
<map>
    <long name="sdk_first_run_time_web" value="1770690210371" />
    <long name="survey_leht" value="1771299737509" />
    <long name="cf_leht" value="1771299737522" />
    <string name="cfg_hh">2a217cc748738834604a051be59e74e2</string>
    <long name="session_id" value="3" />
    <long name="rta_leht" value="1771299737496" />
    <boolean name="is_first_session" value="false" />
    <string name="device_registration_token">cEGDTkS8S8KwwIny5-MXMX:APA91bHRBbwkIiZiN70v_hIefU3J7rLfWB1gpNxjpoCufncRD9MDtBLwvlR38HP1XsC6Ce3of3-QHQv3m1JUr8yUAM7kddcKAAS0m_832CgFz_ISuwws-F0</string>
    <string name="cceh">9d4e9544539c49c9415666962740d8b9</string>
    <string name="uIH">5e4340e69d584569c6206b382c9d220b</string>
    <boolean name="rm_old" value="false" />
    <long name="leht" value="1771299737479" />
    <boolean name="s_enb_status" value="true" />
    <long name="ledt" value="1771299737474" />
    <long name="lct" value="1770690211418" />
    <long name="sdk_first_run_time_device" value="1770690211415" />
</map>
