<?xml version='1.0' encoding='utf-8' standalone='yes' ?>
<map>
    <long name="sdk_first_run_time_web" value="1742280309366" />
    <long name="jit_log_leht" value="1770403989029" />
    <long name="survey_leht" value="1770403988945" />
    <long name="cf_leht" value="1769259521571" />
    <string name="cfg_hh">2a217cc748738834604a051be59e74e2</string>
    <long name="session_id" value="4" />
    <long name="rta_leht" value="1770403988754" />
    <boolean name="is_first_session" value="false" />
    <string name="device_registration_token">cMfDlFhiTMW2mM9zWXIKUV:APA91bFqbHvIYzoV3dfkrCxaPNAbKs9Z78dLotT4eEWId3RV8sHwTO1oiBR3u2tH85vIjOqASFo-dK9hGFjSevu4n-tpSaqF69FCgx5gxo9Y2d4pX7Sp-IM</string>
    <string name="cceh">9d4e9544539c49c9415666962740d8b9</string>
    <string name="is_first_install">false</string>
    <string name="uIH">438928c9b1725fb1333b06fbeed935cb</string>
    <boolean name="rm_old" value="false" />
    <long name="leht" value="1770403988465" />
    <boolean name="s_enb_status" value="true" />
    <long name="ledt" value="1770403988461" />
    <long name="lct" value="1742280311097" />
    <long name="sdk_first_run_time_device" value="1742280311094" />
</map>
