<?xml version='1.0' encoding='utf-8' standalone='yes' ?>
<map>
    <string name="bnc_link_click_identifier">bnc_no_value</string>
    <string name="bnc_push_identifier">bnc_no_value</string>
    <string name="bnc_google_play_install_referrer_extras">utm_source=google-play&amp;utm_medium=organic</string>
    <string name="bnc_initial_referrer">android-app://com.saranyu.shemarooworld</string>
    <string name="bnc_app_link">bnc_no_value</string>
    <string name="bnc_randomly_generated_uuid">9700dd27-afab-40d1-a9f5-b613c79c8e90</string>
    <string name="bnc_link_click_id">bnc_no_value</string>
    <long name="bnc_last_known_update_time" value="1769259494804" />
    <string name="bnc_session_params">bnc_no_value</string>
    <long name="bnc_original_install_time" value="1742280299191" />
    <long name="bnc_previous_update_time" value="1742280299191" />
    <string name="bnc_branch_key">key_live_flJg9QCXB43vk5MY1qhmfahmqFfYLPFF</string>
</map>
