<?xml version='1.0' encoding='utf-8' standalone='yes' ?>
<map>
    <long name="feature_usage_last_report_time" value="1742280317397" />
    <string name="feature_usage_package_name">com.saranyu.shemarooworld</string>
    <string name="feature_usage_sdk_version">21.1.0</string>
    <string name="client_sender_id">cd4eae28-207d-4186-9c0d-7d74ac5435f5</string>
    <long name="feature_usage_timestamp_reported_feature_5" value="1742280359694" />
    <long name="feature_usage_timestamp_detected_feature_33" value="1742280359704" />
</map>
