<?xml version='1.0' encoding='utf-8' standalone='yes' ?>
<map>
    <long name="first_open_time" value="1770690210634" />
    <string name="gmp_app_id">1:535802096681:android:2c9a8a11d0c49759</string>
    <string name="app_instance_id">4d17a36f864ccfb126aefac489596c6d</string>
    <boolean name="has_been_opened" value="true" />
    <string name="health_monitor:value">2EC64000:Failed to send current screen to service</string>
    <boolean name="app_backgrounded" value="true" />
    <boolean name="allow_remote_dynamite" value="true" />
    <long name="health_monitor:start" value="1770690216815" />
    <boolean name="use_service" value="true" />
    <boolean name="start_new_session" value="true" />
    <long name="health_monitor:count" value="10" />
</map>
