<?xml version='1.0' encoding='utf-8' standalone='yes' ?>
<map>
    <long name="com.facebook.appevents.SessionInfo.sessionStartTime" value="1770403990000" />
    <long name="com.facebook.appevents.SessionInfo.sessionEndTime" value="1770404044865" />
    <boolean name="bg_startup_tracing" value="false" />
    <string name="com.facebook.appevents.UserDataStore.internalUserData">{&quot;r2&quot;:&quot;d9809cdf0ae987a91f59bfb363dfcbae96b6ae56138afbcfff1b2ac6a5a0e02b&quot;}</string>
    <int name="com.facebook.appevents.SessionInfo.interruptionCount" value="2" />
    <boolean name="session" value="false" />
    <int name="com.encdata.missl.classes.originalInstallVersionCode" value="232" />
    <long name="com.encdata.missl.classes.cloneTimestamp" value="1769358926108" />
    <string name="com.facebook.appevents.SessionInfo.sessionId">1e0344eb-a42e-46a2-8ed2-1f0f7852199e</string>
</map>
