<?xml version='1.0' encoding='utf-8' standalone='yes' ?>
<map>
    <long name="first_open_time" value="1742280310351" />
    <string name="gmp_app_id">1:535802096681:android:2c9a8a11d0c49759</string>
    <string name="app_instance_id">cabc6b91aac1ebf9f23cfc83a0bf6e49</string>
    <boolean name="app_backgrounded" value="false" />
    <long name="session_id" value="1770403990" />
    <long name="health_monitor:start" value="1770403987895" />
    <boolean name="use_service" value="true" />
    <boolean name="deferred_analytics_collection" value="false" />
    <string name="previous_os_version">13</string>
    <boolean name="has_been_opened" value="true" />
    <boolean name="allow_remote_dynamite" value="true" />
    <long name="last_pause_time" value="1770404044882" />
    <boolean name="start_new_session" value="false" />
</map>
