<?xml version='1.0' encoding='utf-8' standalone='yes' ?>
<map>
    <set name="fire-analytics/21.0.0 fire-core/20.1.1 device-model/RMX2001L1 android-min-sdk/24 kotlin/1.7.20 device-brand/realme fire-iid/21.1.0 fire-installations/17.0.1 fire-android/30 fire-fcm/22.0.0 android-platform/ fire-cls/18.2.11 android-installer/com.applisto.appcloner device-name/RMX2001 android-target-sdk/27 fire-auth/20.0.3">
        <string>2026-02-10</string>
    </set>
    <set name="device-name/V2513i android-target-sdk/32 fire-analytics/21.0.0 fire-core/20.1.1 device-brand/vivo android-min-sdk/24 kotlin/1.7.20 android-installer/com.android.secex fire-android/28 fire-iid/21.1.0 fire-installations/17.0.1 fire-fcm/22.0.0 android-platform/ fire-cls/18.2.11 device-model/V2513 fire-auth/20.0.3">
        <string>2026-02-17</string>
    </set>
    <long name="fire-count" value="2" />
    <string name="last-used-date">2026-02-17</string>
</map>
