<?xml version='1.0' encoding='utf-8' standalone='yes' ?>
<map>
    <string name="last-used-date">2026-02-06</string>
    <long name="fire-count" value="1" />
    <long name="fire-global" value="1770403987664" />
    <set name="android-min-sdk/26 fire-installations/18.0.0 device-brand/bf691cc5b7f610d4 fire-auth/23.2.0 fire-rc/22.1.0 kotlin/2.1.0 fire-abt/21.1.1 fire-iid/21.1.0 android-installer/com.android.vending fire-core/21.0.0 fire-android/30 fire-core-ktx/21.0.0 fire-analytics/22.3.0 fire-perf/21.0.4 android-platform/ fire-fcm/24.1.0 android-target-sdk/27 device-model/2dba7bf1498802a9 fire-transport/19.0.0 fire-sessions/2.0.9 device-name/8995023a780d72fc fire-cls/19.4.1">
        <string>2026-02-06</string>
    </set>
</map>
