<?xml version='1.0' encoding='utf-8' standalone='yes' ?>
<map>
    <set name="device-name/V2513i android-target-sdk/32 fire-core/20.1.1 fire-analytics/21.0.0 device-brand/vivo android-min-sdk/24 kotlin/1.7.20 android-installer/com.android.secex fire-android/28 fire-iid/21.1.0 fire-installations/17.0.1 fire-fcm/22.0.0 android-platform/ fire-cls/18.2.11 device-model/V2513 fire-auth/20.0.3">
        <string>2026-02-17</string>
    </set>
    <string name="last-used-date">2026-02-17</string>
    <long name="fire-count" value="1" />
    <long name="fire-global" value="1771299736982" />
</map>
