<?xml version='1.0' encoding='utf-8' standalone='yes' ?>
<map>
    <set name="fire-core/20.1.1 fire-analytics/21.0.0 device-model/RMX2001L1 android-min-sdk/24 kotlin/1.7.20 device-brand/realme fire-iid/21.1.0 fire-installations/17.0.1 fire-android/30 fire-fcm/22.0.0 android-platform/ fire-cls/18.2.11 android-target-sdk/27 android-installer/com.applisto.appcloner device-name/RMX2001 fire-auth/20.0.3">
        <string>2025-03-18</string>
    </set>
    <long name="fire-count" value="2" />
    <string name="last-used-date">2026-01-24</string>
    <set name="android-target-sdk/32 fire-core/20.1.1 fire-analytics/21.0.0 android-installer/com.android.packageinstaller android-min-sdk/24 kotlin/1.7.20 device-model/OP516FL1 fire-android/28 fire-iid/21.1.0 device-brand/OnePlus fire-installations/17.0.1 fire-fcm/22.0.0 android-platform/ fire-cls/18.2.11 device-name/NE2211 fire-auth/20.0.3">
        <string>2026-01-24</string>
    </set>
</map>
