<?xml version='1.0' encoding='utf-8' standalone='yes' ?>
<map>
    <string name="md5_app_string">app_string_en_180</string>
    <string name="contactUs">https://www.shemaroome.com/contact-us?type=mobile</string>
    <string name="device_id">KhydKp4yghsEh1eA</string>
    <boolean name="audio_mute_ses" value="true" />
    <string name="ip">2402:3a80:e8f:df17:18f7:37c5:83f8:9417</string>
    <string name="installed_fff">Sat Feb 07 00:23:09 GMT+05:30 2026</string>
    <string name="md5_popup_string">popup_en_180</string>
    <string name="auto_suggest_mobilenumber">9568640261</string>
    <boolean name="is_gdpr_required" value="false" />
    <string name="app_theme">Dark</string>
    <string name="city_name">Chandigarh</string>
    <boolean name="lan_selected" value="true" />
    <boolean name="app_installed" value="true" />
    <string name="app_lang">en</string>
    <string name="gdpr_text">We collect and store the authenticated information 'Personally Identifiable Information' like your name, email address and mobile number that you voluntarily provide while logging on to the website or application or while you register for surveys or contests on the website or application. You understand that we may correspond with you via email in connection with features provided on the website/application. We further collect the information that you post on message boards on the website or application, and information contained in search requests or questions that you submit to the website or application. If you decline to supply or provide us with certain information while using the website or application, you may not be able to use or participate in some or all of the features offered through the website or application. Further, while logging on to the website or application through social accounts, you may share with us additional information of yours like date of birth, profile pictures, location, etc.</string>
</map>
