<?xml version='1.0' encoding='utf-8' standalone='yes' ?>
<map>
    <boolean name="is_app_install_update_by_smartech" value="true" />
    <string name="smt_user_identity">925921097</string>
    <long name="current_session_id" value="1769259523632" />
    <string name="SMT_BASE_URL_TRACKAPPACT">https://npn.netcoresmartech.com/</string>
    <long name="smt_sdk_init_timestamp" value="1769259524161" />
    <string name="smt_user_profile_sha256_hash">a72719d7e3486df5dd560553772351ebb28250ec97d718fadcad439211678ae0</string>
    <string name="SMT_BASE_URL_INAPP_LIST_SEG">https://psegment.netcoresmartech.com/</string>
    <string name="fcm_push_token_current">cMfDlFhiTMW2mM9zWXIKUV:APA91bFqbHvIYzoV3dfkrCxaPNAbKs9Z78dLotT4eEWId3RV8sHwTO1oiBR3u2tH85vIjOqASFo-dK9hGFjSevu4n-tpSaqF69FCgx5gxo9Y2d4pX7Sp-IM</string>
    <boolean name="smt_location_permission" value="false" />
    <boolean name="is_first_launch" value="false" />
    <boolean name="isInboxEventsEnabled" value="true" />
    <string name="SMT_BASE_URL_INAPP">https://ninapp.netcoresmartech.com/</string>
    <boolean name="log_enable" value="false" />
    <int name="smt_fc_in_app_enable" value="0" />
    <string name="smt_cg"></string>
    <boolean name="paEnabled" value="true" />
    <int name="imageDownloadRetry" value="3" />
    <string name="app_id">e170a9513966fbdcde03486d8fa8383e</string>
    <int name="is_auto_fetch_location" value="0" />
    <string name="smt_mid"></string>
    <boolean name="smt_notification_permission" value="true" />
    <boolean name="old_sdk_read_status" value="true" />
    <int name="smt_debug_level" value="7" />
    <boolean name="isPushEventsEnabled" value="true" />
    <int name="smt_fc_in_app_month_limit" value="0" />
    <int name="log_level" value="0" />
    <int name="version_code" value="131" />
    <boolean name="isInAppEventsEnabled" value="true" />
    <string name="push_token_old">cMfDlFhiTMW2mM9zWXIKUV:APA91bFa3zf9sL3S5d0yEwV_V-jNlmE3kNgo8POr0mwB1U02SYdSy2-Y_YiYKAQpjQcemAbnnHsh3pnmuiAx239DIp5oySeCNeywp6emBqNCdBNzWjcHKtc</string>
    <boolean name="isAllEventsEnabled" value="true" />
    <boolean name="smt_is_location_permission_available" value="true" />
    <int name="is_auto_fetch_location_inbox" value="0" />
    <string name="smt_cg_random"></string>
    <int name="mediaCachingSize" value="50" />
    <string name="smt_pa_request_time">1769259527</string>
    <string name="SMT_BASE_URL_GEOFENCE"></string>
    <boolean name="opt_in_out_tracing" value="true" />
    <string name="smt_user_old_identity">925921097</string>
    <int name="batchInterval" value="10" />
    <string name="SMT_BASE_URL"></string>
    <int name="messageCachingPeriod" value="7" />
    <string name="SMT_BASE_URL_INBOX">https://appinbox.netcoresmartech.com/</string>
    <int name="is_sdk_v2_config_on_update" value="0" />
    <int name="imageDownloadRetryInterval" value="20" />
    <long name="pn_token_timestamp" value="1769259524162" />
    <int name="paInterval" value="60" />
    <string name="deviceLocale">en</string>
    <boolean name="isLifecycleEventsEnabled" value="true" />
    <boolean name="opt_in_out_in_app" value="true" />
    <boolean name="smt_guid_stored_previously" value="true" />
    <boolean name="fetchLocation" value="false" />
    <string name="timezone">GMT+05:30</string>
    <string name="push_token_current">cMfDlFhiTMW2mM9zWXIKUV:APA91bFqbHvIYzoV3dfkrCxaPNAbKs9Z78dLotT4eEWId3RV8sHwTO1oiBR3u2tH85vIjOqASFo-dK9hGFjSevu4n-tpSaqF69FCgx5gxo9Y2d4pX7Sp-IM</string>
    <boolean name="isINITApiCallSuccessful" value="true" />
    <string name="SMT_BASE_URL_PUSHAMP">https://pa.netcoresmartech.com/</string>
    <long name="last_app_active_time_stamp" value="1769259536358" />
    <boolean name="is_smartech_settings_stored" value="true" />
    <string name="geoFenceModifiedDate"></string>
    <int name="sessionInterval" value="30" />
    <int name="eventLimit" value="200" />
    <string name="smt_cg_rule"></string>
    <string name="serverRefreshGeoFenceDistanceConfig"></string>
    <boolean name="isAppInboxEnabled" value="false" />
    <boolean name="is_launched_from_notification" value="false" />
    <int name="smt_fc_in_app_day_limit" value="0" />
    <boolean name="opt_in_out_pn" value="true" />
    <boolean name="sdkActive" value="true" />
    <string name="fcm_push_token_old">cMfDlFhiTMW2mM9zWXIKUV:APA91bFa3zf9sL3S5d0yEwV_V-jNlmE3kNgo8POr0mwB1U02SYdSy2-Y_YiYKAQpjQcemAbnnHsh3pnmuiAx239DIp5oySeCNeywp6emBqNCdBNzWjcHKtc</string>
    <string name="os_version">9</string>
    <string name="guids">[]</string>
    <string name="smt_list_segment_data">{&quot;data&quot;:{&quot;listIds&quot;:null,&quot;segIds&quot;:null},&quot;message&quot;:&quot;&quot;,&quot;status&quot;:0}</string>
    <boolean name="is_reinstall_first_launch" value="false" />
    <int name="tokenInterval" value="60" />
    <string name="smt_attri_params"></string>
    <string name="carrier">Jio 4G</string>
    <int name="is_notification_listener_enabled" value="0" />
    <boolean name="encrypt_smt_db" value="false" />
    <int name="smt_fc_in_app_week_limit" value="0" />
    <boolean name="isGeoFenceEnabled" value="false" />
    <int name="geoFenceDistance" value="50" />
    <int name="batchSize" value="30" />
    <string name="smt_encryption_disabled_date">2026-01-24T12:58:41</string>
    <string name="appRefreshGeoFenceDistanceConfig"></string>
    <boolean name="panelActive" value="true" />
</map>
