<?xml version='1.0' encoding='utf-8' standalone='yes' ?>
<map>
    <string name="appLaunchType">COLD</string>
    <string name="configResponse">NA</string>
    <string name="userDeviceIdOnUEProcess">7b7f58b46731f858</string>
    <string name="userDeviceIdOnMainProcess">925921097</string>
    <long name="appLaunchLatency" value="735" />
    <string name="userProp">{&quot;city&quot;:&quot;Siliguri&quot;}</string>
    <boolean name="pauseRecFlag" value="false" />
    <long name="sst" value="1771299737605" />
    <boolean name="stopRecFlag" value="false" />
    <string name="appSessionID">7b7f58b46731f858_1771299737072</string>
    <string name="__ue_sessionDetail_list">{&quot;/data/user/0/com.saranyu.shemarooworld/files/UserExperior/1770690304898_7b7f58b46731f858_newer_sdk&quot;:{&quot;a&quot;:&quot;7b7f58b46731f858_1771299737072&quot;,&quot;b&quot;:&quot;INITIAL_STATE&quot;,&quot;c&quot;:&quot;/data/user/0/com.saranyu.shemarooworld/files/UserExperior/1770690304898_7b7f58b46731f858_newer_sdk&quot;,&quot;e&quot;:false,&quot;f&quot;:0,&quot;g&quot;:0,&quot;h&quot;:0,&quot;i&quot;:{&quot;a&quot;:1770690304898,&quot;b&quot;:&quot;default_task&quot;,&quot;c&quot;:&quot;default_username&quot;,&quot;d&quot;:&quot;default_description&quot;,&quot;createdAt&quot;:0},&quot;j&quot;:&quot;NA&quot;,&quot;k&quot;:false,&quot;l&quot;:false,&quot;r&quot;:&quot;/data/user/0/com.saranyu.shemarooworld/files/UserExperior/1770690304898_7b7f58b46731f858_newer_sdk&quot;,&quot;s&quot;:false,&quot;t&quot;:{&quot;manufacturer&quot;:&quot;vivo&quot;,&quot;model&quot;:&quot;V2513&quot;,&quot;apiLevel&quot;:&quot;28&quot;,&quot;osVersion&quot;:&quot;9&quot;,&quot;deviceId&quot;:&quot;925921097 | 7b7f58b46731f858&quot;,&quot;width&quot;:1080,&quot;height&quot;:2392,&quot;ueSDKVersion&quot;:&quot;V2–2-06072022-19:38:30&quot;,&quot;appVersion&quot;:&quot;1.0.17 (131) [131]&quot;,&quot;networkType&quot;:&quot;WiFi&quot;,&quot;tIntM&quot;:&quot;236854&quot;,&quot;aIntM&quot;:&quot;140988&quot;,&quot;tRAM&quot;:&quot;12018&quot;,&quot;aRAM&quot;:&quot;3836&quot;,&quot;platform&quot;:1,&quot;rv&quot;:&quot;1.5.2&quot;,&quot;fw&quot;:&quot;an&quot;,&quot;sv&quot;:&quot;7.0.9&quot;},&quot;u&quot;:{&quot;city&quot;:&quot;Siliguri&quot;}}}</string>
    <string name="currentTaskJSON">{&quot;a&quot;:1771299746901,&quot;b&quot;:&quot;default_task&quot;,&quot;c&quot;:&quot;default_username&quot;,&quot;d&quot;:&quot;default_description&quot;,&quot;createdAt&quot;:0}</string>
</map>
