<?xml version='1.0' encoding='utf-8' standalone='yes' ?>
<map>
    <boolean name="getUpgradeBtn" value="true" />
    <boolean name="offline_mature_notify" value="true" />
    <boolean name="isnetcorereceived" value="true" />
    <string name="mature">This space is for grown-ups - where stories get bolder</string>
    <string name="sessionID">11473d978622c3ed6e1f55416ec065e6</string>
    <boolean name="first_installed" value="true" />
    <boolean name="show_add" value="true" />
    <boolean name="dark_theme" value="true" />
    <string name="aaid">86ac56c6-5d58-47b9-ae68-87b41b7bac3f</string>
    <string name="active_plan">all_access_pack</string>
    <boolean name="getUpgradeBtnInside" value="true" />
    <string name="send_user_prop">sent</string>
    <string name="termsAndCondition">https://www.shemaroome.com/terms-and-conditions?type=mobile</string>
    <string name="analytics id">925921097</string>
    <boolean name="is ad enabled " value="false" />
    <boolean name="socialLogin" value="true" />
    <string name="phoneNumber">9568640261</string>
    <boolean name="app_open_ad_value" value="true" />
    <boolean name="isLoggedIn" value="true" />
    <string name="user_current_id">925921097</string>
    <string name="matureHeader">Mature</string>
    <string name="region">IN</string>
    <boolean name="show_ads" value="true" />
    <string name="email_id"></string>
    <string name="app_open_ad_id">ca-app-pub-0095790021265746/4250143069</string>
    <string name="privacyPOlicy">https://www.shemaroome.com/privacy-policy?type=mobile</string>
    <boolean name="isParentEnabled" value="false" />
    <string name="subActivePlans">all_access_pack,all_access_pack</string>
    <string name="media_active_interval">2</string>
    <string name="android_version">128.0</string>
    <string name="pref_category">Mature</string>
    <string name="branch_type">msisdn</string>
    <string name="branch_id">919568640261</string>
    <string name="MyObject">{&quot;is_data_received&quot;:false,&quot;pk_campaign&quot;:&quot;&quot;,&quot;pk_content&quot;:&quot;&quot;,&quot;pk_kwd&quot;:&quot;&quot;,&quot;pk_medium&quot;:&quot;organic&quot;,&quot;pk_source&quot;:&quot;google-play&quot;}</string>
    <string name="first_name">Arvind</string>
    <boolean name="IS_AVAILABLE_REGION" value="true" />
    <string name="login_provider_type">msisdn</string>
    <string name="faqUrl">https://www.shemaroome.com/faq?type=mobile</string>
    <string name="mobile">919568640261</string>
    <string name="helpUrl">https://www.shemaroome.com/faq?type=mobile</string>
    <string name="last_name"></string>
    <string name="userName">Guest</string>
    <boolean name="regionMismatch" value="false" />
    <string name="home_nav_pref_category">Mature</string>
    <boolean name="free-trail-boo" value="false" />
    <int name="profileLimit" value="5" />
    <string name="subInActivePlans">all_access_pack,all_access_pack</string>
    <boolean name="mature_notify" value="true" />
    <string name="personalization_url">https://personalization.apisaranyu.in/</string>
    <boolean name="isCelverTapEnabled" value="true" />
    <string name="User_Id">919568640261</string>
    <boolean name="is subscribed" value="true" />
    <string name="ct-user-prop">yes</string>
</map>
