<?xml version='1.0' encoding='utf-8' standalone='yes' ?>
<map>
    <string name="email_id"></string>
    <string name="privacyPOlicy">https://www.shemaroome.com/privacy-policy?type=mobile</string>
    <boolean name="isnetcorereceived" value="true" />
    <boolean name="isParentEnabled" value="false" />
    <string name="subActivePlans">all_access_pack,all_access_pack</string>
    <string name="media_active_interval">2</string>
    <string name="sessionID">9bac4827f41e0def425589aba271d666</string>
    <boolean name="first_installed" value="true" />
    <boolean name="dark_theme" value="false" />
    <string name="branch_type">msisdn</string>
    <string name="branch_id">919568640261</string>
    <string name="aaid">883decef-a9cf-41cd-89e8-4fa43e61ef11</string>
    <string name="active_plan">all_access_pack</string>
    <string name="MyObject">{&quot;is_data_received&quot;:false,&quot;pk_campaign&quot;:&quot;&quot;,&quot;pk_content&quot;:&quot;&quot;,&quot;pk_kwd&quot;:&quot;&quot;,&quot;pk_medium&quot;:&quot;organic&quot;,&quot;pk_source&quot;:&quot;google-play&quot;}</string>
    <string name="send_user_prop">sent</string>
    <string name="termsAndCondition">https://www.shemaroome.com/terms-and-conditions?type=mobile</string>
    <string name="first_name">Arvind</string>
    <string name="login_provider_type">msisdn</string>
    <string name="faqUrl">https://www.shemaroome.com/faq?type=mobile</string>
    <string name="mobile">919568640261</string>
    <string name="helpUrl">https://www.shemaroome.com/faq?type=mobile</string>
    <string name="analytics id">925921097</string>
    <string name="last_name"></string>
    <string name="userName">Guest</string>
    <boolean name="regionMismatch" value="false" />
    <boolean name="socialLogin" value="true" />
    <boolean name="free-trail-boo" value="false" />
    <int name="profileLimit" value="5" />
    <string name="subInActivePlans">all_access_pack,all_access_pack</string>
    <string name="phoneNumber">9568640261</string>
    <string name="personalization_url">https://personalization.apisaranyu.in/</string>
    <boolean name="isCelverTapEnabled" value="true" />
    <boolean name="isLoggedIn" value="true" />
    <string name="user_current_id">925921097</string>
    <string name="region">IN</string>
    <string name="User_Id">919568640261</string>
    <boolean name="show_ads" value="true" />
    <boolean name="is subscribed" value="true" />
</map>
