<?xml version='1.0' encoding='utf-8' standalone='yes' ?>
<map>
    <string name="appLaunchType">HOT</string>
    <long name="lcha" value="1742280311712" />
    <string name="__ue_paused_image_list">[]</string>
    <long name="sessionEndTime" value="1769259536357" />
    <int name="videoQuality" value="2" />
    <string name="userDeviceIdOnMainProcess">925921097</string>
    <long name="appLaunchLatency" value="61" />
    <string name="userProp">{&quot;city&quot;:&quot;Chandigarh&quot;}</string>
    <long name="sst" value="1769259533530" />
    <string name="captureType">1</string>
    <int name="lastImageNum" value="10" />
    <boolean name="stopRecFlag" value="false" />
    <string name="configResponse">NA</string>
    <string name="userDeviceIdOnUEProcess">7b7f58b46731f858</string>
    <string name="ksiv">Bgv+abbRXU544LZb4EMg0Q==&#10;    </string>
    <int name="videoColor" value="1" />
    <string name="appConfigInstance">0yFKC+OvFywAeMnnwO9+LtrgiO5+BOw908u7nNmCZcR4eGU7uOpelQHwlo+EQ7DHFiD1m1Z/v0Dh&#10;H4NClvf0gwpbx2VEkbHWew3BkIOWF913njI3oeIcYxJME4v0NkgcLU6xAloIxynaUX9XwlBDH7m6&#10;bslHbZn0yLw04ynt4VhyFur9KKUzwAqQaMDFHA+4w8ZMfH7BXFFYppI1RDcywUrty+RLN3OedUiF&#10;DB0lr+E114wRo/g7RG4Ic0HcNEaTiA+JBYQdnDo1QjXSywD8xykZcznWrcI9mkH2vqjDPtYD/59U&#10;cBsBGGiObgViRUWp2yKLziBJ8JYIrHyqll1PiO+MMllORojV3/kdyCW+XIlGzmAxMVI+dTPNN+x2&#10;zpEC80huha0d5fdWGtoDQ2seyUc+e63czZCpHHkjp/Or3IDnQFclcUFhhXsxrJeThd6e0u5Te+9U&#10;51batwUY9QOBortxOO5Yhz8mTSU6jWjFkfYmlEzNlqudVofvfKyN/v87PhZ0arl3eeuyJRTNoak2&#10;0UU4tsVIRHeKAhN0lBVdQ+8Ds2m27Ks7p+NZ9UztGSyctwNFyxtdWGBtYwDmRiJNJNX/pAw7UQGd&#10;NJsUhIQoILJZcm2MePsIH7nFBIfBK9Lc&#10;    </string>
    <boolean name="autoMasking" value="true" />
    <boolean name="pauseRecFlag" value="false" />
    <int name="idleTimeout" value="60" />
    <boolean name="conditionalCaptureStatus" value="true" />
    <string name="appSessionID">7b7f58b46731f858_1769259521086</string>
    <string name="__ue_sessionDetail_list">{}</string>
</map>
