<?xml version='1.0' encoding='utf-8' standalone='yes' ?>
<map>
    <string name="Login_Start:R95-644-876Z">1|1770690270|1770690270</string>
    <string name="Profile_Browse:R95-644-876Z">1|1770690285|1770690285</string>
    <string name="Catalogue_Browse:R95-644-876Z">2|1770690238|1771299739</string>
    <string name="Login_Failure:R95-644-876Z">1|1770690264|1770690264</string>
    <string name="App_Browse:R95-644-876Z">3|1770690238|1771299739</string>
    <string name="App Launched:R95-644-876Z">3|1770690211|1771299737</string>
    <string name="Login_Success:R95-644-876Z">1|1770690270|1770690270</string>
</map>
