<?xml version='1.0' encoding='utf-8' standalone='yes' ?>
<map>
    <int name="comms_first_ts:R95-644-876Z" value="1770690213" />
    <string name="cachedGUIDsKey:R95-644-876Z">{&quot;Email_&quot;:&quot;__0943d0aecad14074bfede9a7c32e94c8&quot;,&quot;Identity_925921097&quot;:&quot;__0943d0aecad14074bfede9a7c32e94c8&quot;}</string>
    <int name="comms_last_ts:R95-644-876Z" value="1771299740" />
    <int name="lastSessionId:R95-644-876Z" value="1771299737" />
    <int name="pfjobid" value="1151508569" />
    <string name="fcm_token:R95-644-876Z">cEGDTkS8S8KwwIny5-MXMX:APA91bEr3DCDmqSPXWPWsa6Zb6V6V_5X6dp527yMlLttt2-b1u3J6snsYe6webHLNnA24-kf9QSzS49GT5th-RL31BAxYe66VC7gDLLQ6g4kYRJf22hm_5s</string>
    <int name="sexe:R95-644-876Z" value="1771299745" />
    <int name="istc_inapp:__0943d0aecad14074bfede9a7c32e94c8:R95-644-876Z" value="0" />
    <string name="SP_KEY_PROFILE_IDENTITIES:R95-644-876Z">Email,Identity</string>
    <string name="deviceId:R95-644-876Z">__0943d0aecad14074bfede9a7c32e94c8</string>
    <string name="instance:R95-644-876Z">{&quot;accountId&quot;:&quot;R95-644-876Z&quot;,&quot;accountToken&quot;:&quot;446-5c2&quot;,&quot;accountRegion&quot;:&quot;in1&quot;,&quot;analyticsOnly&quot;:false,&quot;isDefaultInstance&quot;:true,&quot;useGoogleAdId&quot;:false,&quot;disableAppLaunchedEvent&quot;:false,&quot;personalization&quot;:true,&quot;debugLevel&quot;:0,&quot;createdPostAppLaunch&quot;:false,&quot;sslPinning&quot;:false,&quot;backgroundSync&quot;:true,&quot;getEnableCustomCleverTapId&quot;:false,&quot;beta&quot;:false,&quot;allowedPushTypes&quot;:[&quot;FCM&quot;,&quot;XPS&quot;,&quot;HPS&quot;,&quot;BPS&quot;,&quot;ADM&quot;]}</string>
    <boolean name="NetworkInfo:R95-644-876Z" value="true" />
    <string name="ict_date:__0943d0aecad14074bfede9a7c32e94c8:R95-644-876Z">17022026</string>
</map>
