<?xml version='1.0' encoding='utf-8' standalone='yes' ?>
<map>
    <int name="d_ts" value="1770690215" />
    <int name="dh" value="1598747756" />
    <int name="hgt" value="14" />
    <string name="av">1.0.17 (131)</string>
    <int name="v" value="2" />
    <int name="wdt" value="6" />
    <string name="j_n">ZmJgfAsAAAI=</string>
    <string name="i_n">YmtjfwYJBwQ=</string>
    <int name="r_ts" value="1771299739" />
    <string name="id">R95-644-876Z</string>
    <string name="k_n">DHh5cgMJBAJvbGZ7ZWxjaR4SCAZiY2B6Z2NlaW8=</string>
    <string name="j_s">{}</string>
</map>
