<?xml version='1.0' encoding='utf-8' standalone='yes' ?>
<map>
    <string name="Login_Start:R95-644-876Z">1|1742280342|1742280342</string>
    <string name="Catalogue_Browse:R95-644-876Z">3|1742280317|1769259526</string>
    <string name="Upgrade_button:R95-644-876Z">1|1742280346|1742280346</string>
    <string name="App_Browse:R95-644-876Z">4|1742280317|1769259526</string>
    <string name="App Launched:R95-644-876Z">3|1742280310|1769259521</string>
    <string name="Login_Success:R95-644-876Z">1|1742280342|1742280342</string>
</map>
