<?xml version='1.0' encoding='utf-8' standalone='yes' ?>
<map>
    <int name="d_ts" value="1770403990" />
    <int name="dh" value="244515536" />
    <int name="hgt" value="4" />
    <string name="av">99999</string>
    <int name="v" value="2" />
    <int name="wdt" value="2" />
    <string name="j_n">ZmJgfAsAAAI=</string>
    <string name="i_n">ZG1kegoICAA=</string>
    <int name="r_ts" value="1770404029" />
    <string name="id">R95-644-876Z</string>
    <string name="k_n">DHh5cgMJBAJvbGZ7ZWxjaR4SCAZiY2B6Z2NlaW8=</string>
    <string name="j_s">{}</string>
</map>
