<?xml version='1.0' encoding='utf-8' standalone='yes' ?>
<map>
    <string name="inApp:R95-644-876Z">[]</string>
    <string name="pfworkid">R95-644-876Z</string>
    <int name="comms_first_ts:R95-644-876Z" value="1742280312" />
    <int name="istmcd_inapp:__399d5028bb1348699af76cc539dde53c:R95-644-876Z" value="10" />
    <string name="cachedGUIDsKey:R95-644-876Z">{&quot;Email_&quot;:&quot;__399d5028bb1348699af76cc539dde53c&quot;,&quot;Identity_925921097&quot;:&quot;__399d5028bb1348699af76cc539dde53c&quot;}</string>
    <int name="comms_last_ts:R95-644-876Z" value="1770404029" />
    <int name="lastSessionId:R95-644-876Z" value="1770403990" />
    <int name="imc:__399d5028bb1348699af76cc539dde53c:R95-644-876Z" value="10" />
    <string name="fcm_token:R95-644-876Z">cMfDlFhiTMW2mM9zWXIKUV:APA91bFqbHvIYzoV3dfkrCxaPNAbKs9Z78dLotT4eEWId3RV8sHwTO1oiBR3u2tH85vIjOqASFo-dK9hGFjSevu4n-tpSaqF69FCgx5gxo9Y2d4pX7Sp-IM</string>
    <int name="sexe:R95-644-876Z" value="1770404044" />
    <int name="istc_inapp:__399d5028bb1348699af76cc539dde53c:R95-644-876Z" value="0" />
    <string name="SP_KEY_PROFILE_IDENTITIES:R95-644-876Z">Email,Identity</string>
    <int name="encryptionLevel:R95-644-876Z" value="0" />
    <boolean name="ssInAppMigrated:R95-644-876Z" value="true" />
    <string name="deviceId:R95-644-876Z">__399d5028bb1348699af76cc539dde53c</string>
    <string name="ict_date:__399d5028bb1348699af76cc539dde53c:R95-644-876Z">07022026</string>
    <int name="encryptionMigrationFailureCount:R95-644-876Z" value="0" />
    <string name="instance:R95-644-876Z">{&quot;accountId&quot;:&quot;R95-644-876Z&quot;,&quot;accountToken&quot;:&quot;446-5c2&quot;,&quot;accountRegion&quot;:&quot;in1&quot;,&quot;analyticsOnly&quot;:false,&quot;isDefaultInstance&quot;:true,&quot;useGoogleAdId&quot;:false,&quot;disableAppLaunchedEvent&quot;:false,&quot;personalization&quot;:true,&quot;debugLevel&quot;:0,&quot;createdPostAppLaunch&quot;:false,&quot;sslPinning&quot;:false,&quot;backgroundSync&quot;:true,&quot;getEnableCustomCleverTapId&quot;:false,&quot;beta&quot;:false,&quot;encryptionLevel&quot;:0,&quot;allowedPushTypes&quot;:[]}</string>
    <boolean name="NetworkInfo:R95-644-876Z" value="true" />
    <long name="last_assets_cleanup" value="1770403993547" />
</map>
