{"Fid":"dMyR64h6TcSjnSwulZnGSp","Status":3,"AuthToken":"eyJhbGciOiJFUzI1NiIsInR5cCI6IkpXVCJ9.eyJhcHBJZCI6IjE6OTg2NTY0OTM1MzgyOmFuZHJvaWQ6ZTc5ZmVmZTU1ODM0NmEzYiIsImV4cCI6MTc3MTkwNjM2NCwiZmlkIjoiZE15UjY0aDZUY1NqblN3dWxabkdTcCIsInByb2plY3ROdW1iZXIiOjk4NjU2NDkzNTM4Mn0.AB2LPV8wRAIgQG18qclkSrXWiNmrspKSneJ8J8dmGcqqhyHfXQsyMuYCIAJ9Y-yeTkG-tMl7rkTvDZ6f8CqIhzNvN_EykY-KS4Gs","RefreshToken":"3_AS3qfwJjyChqDR6AQrnZB_F-w0cWuCrA6Cn7eGFgu8l9AlY3VJsh4FMC-V71jBVoX43hQbZFEfOx8k1hRqIi13Xck5msLPif52qR2QE3QHlF_g","TokenCreationEpochInSecs":1771301564,"ExpiresInSecs":604800}