<?xml version='1.0' encoding='utf-8' standalone='yes' ?>
<map>
    <string name="v2LastAppVersion">6.0.5</string>
    <string name="OsVersion">Android 9</string>
    <boolean name="SuccessfulClose" value="true" />
    <long name="v2AppPauseTimestampMillis" value="1771304303200" />
    <long name="InstallDate" value="1771304251" />
    <string name="LastVersion">6.0.5</string>
    <string name="LifecycleData">{&quot;runmode&quot;:&quot;Application&quot;,&quot;installdate&quot;:&quot;2\/17\/2026&quot;,&quot;carriername&quot;:&quot;CHINA UNICOM&quot;,&quot;serverCallType&quot;:&quot;click&quot;,&quot;locale&quot;:&quot;en-IN&quot;,&quot;resolution&quot;:&quot;1080x2208&quot;,&quot;platform&quot;:&quot;mobile-android&quot;,&quot;subBrand&quot;:&quot;&quot;,&quot;adobeecid&quot;:&quot;20044348179058707766645118419212095432&quot;,&quot;launchevent&quot;:&quot;LaunchEvent&quot;,&quot;brand&quot;:&quot;discoveryplus&quot;,&quot;monthlyenguserevent&quot;:&quot;MonthlyEngUserEvent&quot;,&quot;usertype&quot;:&quot;avod&quot;,&quot;distributionBrand&quot;:&quot;dpi&quot;,&quot;loginStatus&quot;:&quot;0&quot;,&quot;environment&quot;:&quot;prod&quot;,&quot;appid&quot;:&quot;discovery+ 6.0.5 (234)&quot;,&quot;installevent&quot;:&quot;InstallEvent&quot;,&quot;dayofweek&quot;:&quot;3&quot;,&quot;devicename&quot;:&quot;M2010J19SI&quot;,&quot;hourofday&quot;:&quot;12&quot;,&quot;osversion&quot;:&quot;Android 9&quot;,&quot;family&quot;:&quot;discoveryplus&quot;,&quot;analyticsCodeVersion&quot;:&quot;JAVA-1.2.4-1.11.1-AN&quot;,&quot;dailyenguserevent&quot;:&quot;DailyEngUserEvent&quot;,&quot;launches&quot;:&quot;1&quot;}</string>
    <string name="AppId">discovery+ 6.0.5 (234)</string>
    <long name="SessionStart" value="1771304251" />
    <long name="v2AppStartTimestampMillis" value="1771304251081" />
    <int name="Launches" value="1" />
    <long name="v2AppCloseTimestampMillis" value="1771304303200" />
    <long name="LastDateUsed" value="1771304251" />
    <long name="PauseDate" value="1771304303" />
</map>
