<?xml version='1.0' encoding='utf-8' standalone='yes' ?>
<map>
    <string name="prev_event_name">af_complete_registration</string>
    <long name="prev_event_timestamp" value="1771304301213" />
    <int name="appsFlyerInAppEventCount" value="1" />
    <string name="gcd">{&quot;net&quot;:2875,&quot;retries&quot;:0}</string>
    <long name="prev_session_dur" value="56" />
    <long name="af_rc_max_age" value="86400" />
    <boolean name="ddl_sent" value="true" />
    <string name="sentSuccessfully">true</string>
    <string name="af_remote_config">eyJmZWF0dXJlcyI6e30sInZlciI6ImRlZmF1bHQudjEuMTYzNzE0OTUyOSJ9</string>
    <int name="versionCode" value="234" />
    <string name="savedProperties">{&quot;uid&quot;:&quot;1771304246429-4481707587145890436&quot;,&quot;waitForCustomerId&quot;:&quot;false&quot;,&quot;logLevel&quot;:&quot;0&quot;,&quot;AppUserId&quot;:&quot;USERID:dplusindia:f0c0853f-24f8-4a1d-b672-98c5d57508f2&quot;}</string>
    <string name="AF_INSTALLATION">1771304246429-4481707587145890436</string>
    <boolean name="afUninstallToken_queued" value="false" />
    <int name="appsFlyerCount" value="1" />
    <long name="af_rc_timestamp" value="1771304246893" />
    <long name="AppsFlyerTimePassedSincePrevLaunch" value="1771304247657" />
    <string name="first_launch">{&quot;net&quot;:1303,&quot;from_fg&quot;:199,&quot;start_with&quot;:&quot;application&quot;,&quot;init_to_fg&quot;:1162}</string>
    <string name="appsFlyerFirstInstall">2026-02-17_125727+0800</string>
    <string name="attributionId">{&quot;install_time&quot;:&quot;2026-02-17 04:57:28.896&quot;,&quot;af_message&quot;:&quot;organic install&quot;,&quot;af_status&quot;:&quot;Organic&quot;,&quot;is_first_launch&quot;:false}</string>
</map>
