<?xml version='1.0' encoding='utf-8' standalone='yes' ?>
<map>
    <set name="fire-transport/18.2.0 fire-installations/18.0.0 fire-cls/19.0.0 device-name/lime_in fire-rc/22.0.0 fire-dl/22.0.0 kotlin/2.1.0 fire-android/28 fire-abt/21.1.1 fire-core/21.0.0 device-model/lime fire-core-ktx/21.0.0 fire-sessions/2.0.0 android-platform/ android-target-sdk/36 fire-dl-ktx/22.0.0 android-installer/com.android.packageinstaller device-brand/Redmi android-min-sdk/22 fire-vertex/16.0.0-beta04 fire-iid/21.1.0 fire-perf/21.0.0 fire-analytics/22.0.0 fire-fcm/24.0.0">
        <string>2026-02-17</string>
    </set>
    <long name="fire-count" value="1" />
    <string name="last-used-date">2026-02-17</string>
    <long name="fire-global" value="1771304244779" />
</map>
