<?xml version='1.0' encoding='utf-8' standalone='yes' ?>
<map>
    <long name="prev_session_dur" value="9" />
    <boolean name="ddl_sent" value="true" />
    <long name="af_rc_max_age" value="86400" />
    <int name="versionCode" value="4020" />
    <string name="af_remote_config">eyJmZWF0dXJlcyI6e30sInZlciI6ImRlZmF1bHQudjEuMTYzNzE0OTUyOSJ9</string>
    <string name="savedProperties">{&quot;uid&quot;:&quot;1764220109920-3571687071267937268&quot;,&quot;waitForCustomerId&quot;:&quot;false&quot;,&quot;logLevel&quot;:&quot;4&quot;,&quot;AppUserId&quot;:&quot;23b7c7ec70cb48869db5043b3eb6356e-lgi&quot;}</string>
    <string name="androidIdCached">a1b2c3d4e5f67890</string>
    <string name="AF_INSTALLATION">1764220109920-3571687071267937268</string>
    <int name="appsFlyerCount" value="11" />
    <long name="AppsFlyerTimePassedSincePrevLaunch" value="1771299935980" />
    <boolean name="newGPReferrerSent" value="true" />
    <long name="af_rc_timestamp" value="1771299795026" />
    <string name="first_launch">{&quot;net&quot;:3154,&quot;from_fg&quot;:5194,&quot;start_with&quot;:&quot;application&quot;,&quot;init_to_fg&quot;:206}</string>
    <string name="appsFlyerFirstInstall">2025-11-27_103830+0530</string>
</map>
