<?xml version='1.0' encoding='utf-8' standalone='yes' ?>
<map>
    <long name="first_open_time" value="1771299940612" />
    <string name="gmp_app_id">1:234254249514:android:f5714a3ae8ff7549a99d53</string>
    <string name="app_instance_id">a790e98754f1179e985314934cfcfd55</string>
    <boolean name="app_backgrounded" value="true" />
    <long name="session_id" value="0" />
    <long name="health_monitor:start" value="1764220240488" />
    <boolean name="use_service" value="true" />
    <long name="deferred_attribution_cache_timestamp" value="0" />
    <boolean name="has_been_opened" value="true" />
    <string name="health_monitor:value">2EC114010:Failed to send current screen to service</string>
    <boolean name="allow_remote_dynamite" value="true" />
    <long name="last_pause_time" value="0" />
    <boolean name="start_new_session" value="true" />
    <long name="health_monitor:count" value="39" />
</map>
