<?xml version='1.0' encoding='utf-8' standalone='yes' ?>
<map>
    <set name="kotlin/2.0.21 device-brand/Samsung fire-installations/18.0.0 fire-android/28 fire-abt/21.1.1 android-installer/com.android.vending fire-core/21.0.0 fire-core-ktx/21.0.0 fire-analytics/22.2.0 fire-perf/21.0.4 android-platform/ fire-rc/21.5.0 android-min-sdk/21 fire-fcm/24.1.0 fire-sessions/2.0.8 android-target-sdk/35 fire-transport/19.0.0 fire-cls/19.4.0 device-name/SM-G991B device-model/SM-G991B">
        <string>2026-02-17</string>
    </set>
    <long name="fire-count" value="1" />
    <string name="last-used-date">2026-02-17</string>
    <long name="fire-global" value="1771299935232" />
</map>
