<?xml version='1.0' encoding='utf-8' standalone='yes' ?>
<map>
    <int name="imc:__9026ea6eece841d4a936f6ac2aa2796d:4R6-896-895Z" value="1" />
    <string name="pfworkid">4R6-896-895Z</string>
    <string name="instance:4R6-896-895Z">{&quot;accountId&quot;:&quot;4R6-896-895Z&quot;,&quot;accountToken&quot;:&quot;6cb-624&quot;,&quot;accountRegion&quot;:&quot;in1&quot;,&quot;analyticsOnly&quot;:false,&quot;isDefaultInstance&quot;:true,&quot;useGoogleAdId&quot;:false,&quot;disableAppLaunchedEvent&quot;:false,&quot;personalization&quot;:true,&quot;debugLevel&quot;:0,&quot;createdPostAppLaunch&quot;:true,&quot;sslPinning&quot;:false,&quot;backgroundSync&quot;:true,&quot;getEnableCustomCleverTapId&quot;:false,&quot;beta&quot;:false,&quot;encryptionLevel&quot;:0,&quot;encryptionInTransit&quot;:&quot;0&quot;,&quot;allowedPushTypes&quot;:[]}</string>
    <int name="comms_first_ts:4R6-896-895Z" value="1764220111" />
    <boolean name="ssInAppMigrated:4R6-896-895Z" value="true" />
    <string name="deviceId:4R6-896-895Z">__9026ea6eece841d4a936f6ac2aa2796d</string>
    <int name="cachedGUIDsLengthKey:4R6-896-895Z" value="2" />
    <string name="ict_date:__9026ea6eece841d4a936f6ac2aa2796d:4R6-896-895Z">17022026</string>
    <int name="encryptionMigrationFailureCount:4R6-896-895Z" value="0" />
    <int name="istc_inapp:__9026ea6eece841d4a936f6ac2aa2796d:4R6-896-895Z" value="1" />
    <int name="sexe:4R6-896-895Z" value="1771299945" />
    <boolean name="NetworkInfo:4R6-896-895Z" value="true" />
    <int name="lastSessionId:4R6-896-895Z" value="1771299935" />
    <int name="encryptionLevel:4R6-896-895Z" value="0" />
    <int name="comms_last_ts:4R6-896-895Z" value="1771299943" />
    <string name="SP_KEY_PROFILE_IDENTITIES:4R6-896-895Z">Email,Identity</string>
    <int name="istmcd_inapp:__9026ea6eece841d4a936f6ac2aa2796d:4R6-896-895Z" value="10" />
    <long name="last_assets_cleanup" value="1771299796330" />
    <string name="cachedGUIDsKey:4R6-896-895Z">{&quot;Email_N\/A&quot;:&quot;__9026ea6eece841d4a936f6ac2aa2796d&quot;,&quot;Identity_23b7c7ec70cb48869db5043b3eb6356e-lgi&quot;:&quot;__9026ea6eece841d4a936f6ac2aa2796d&quot;}</string>
</map>
