<?xml version='1.0' encoding='utf-8' standalone='yes' ?>
<map>
    <string name="prev_event_name">login</string>
    <long name="prev_event_timestamp" value="1771301589809" />
    <int name="appsFlyerInAppEventCount" value="2" />
    <string name="gcd">{&quot;net&quot;:3092,&quot;retries&quot;:0}</string>
    <string name="afUninstallToken">986564935382</string>
    <long name="prev_session_dur" value="29" />
    <long name="af_rc_max_age" value="86400" />
    <boolean name="ddl_sent" value="true" />
    <string name="sentSuccessfully">true</string>
    <string name="af_remote_config">eyJmZWF0dXJlcyI6e30sInZlciI6ImRlZmF1bHQudjEuMTYzNzE0OTUyOSJ9</string>
    <int name="versionCode" value="200341" />
    <boolean name="sentRegisterRequestToAF" value="true" />
    <string name="savedProperties">{&quot;uid&quot;:&quot;1771301563391-1855112818623446438&quot;,&quot;waitForCustomerId&quot;:&quot;false&quot;,&quot;onelinkVersion&quot;:&quot;2&quot;,&quot;logLevel&quot;:&quot;4&quot;,&quot;oneLinkSlug&quot;:&quot;JPAV&quot;,&quot;onelinkDomain&quot;:&quot;get-sunnxt.onelink.me&quot;,&quot;AppUserId&quot;:&quot;75587780&quot;,&quot;onelinkScheme&quot;:&quot;sunnxt:\/\/&quot;}</string>
    <string name="AF_INSTALLATION">1771301563391-1855112818623446438</string>
    <boolean name="afUninstallToken_queued" value="false" />
    <int name="appsFlyerCount" value="1" />
    <long name="af_rc_timestamp" value="1771301563707" />
    <long name="AppsFlyerTimePassedSincePrevLaunch" value="1771301564294" />
    <string name="first_launch">{&quot;net&quot;:969,&quot;from_fg&quot;:1130,&quot;start_with&quot;:&quot;application&quot;}</string>
    <string name="appsFlyerFirstInstall">2026-02-17_121244+0800</string>
    <long name="afUninstallToken_received_time" value="1771301563380" />
    <string name="attributionId">{&quot;install_time&quot;:&quot;2026-02-17 04:12:46.206&quot;,&quot;af_message&quot;:&quot;organic install&quot;,&quot;af_status&quot;:&quot;Organic&quot;,&quot;is_first_launch&quot;:false}</string>
</map>
