<?xml version='1.0' encoding='utf-8' standalone='yes' ?>
<map>
    <long name="last_upload" value="1771301564357" />
    <long name="first_open_time" value="1771301562758" />
    <string name="gmp_app_id">1:986564935382:android:e79fefe558346a3b</string>
    <string name="app_instance_id">3fcd4acf43c904e6a570191270ff5d0a</string>
    <boolean name="has_been_opened" value="true" />
    <string name="health_monitor:value">2WC97001:Service invalid</string>
    <boolean name="app_backgrounded" value="true" />
    <boolean name="allow_remote_dynamite" value="true" />
    <long name="health_monitor:start" value="1771301563014" />
    <boolean name="start_new_session" value="true" />
    <long name="health_monitor:count" value="1" />
    <boolean name="deferred_analytics_collection" value="true" />
</map>
