<?xml version='1.0' encoding='utf-8' standalone='yes' ?>
<map>
    <long name="fire-count" value="1" />
    <string name="last-used-date">2026-02-17</string>
    <set name="kotlin/2.0.10 android-installer/com.android.packageinstaller android-min-sdk/24 device-name/lime_in device-brand/Redmi fire-android/28 fire-cls/17.2.1 fire-installations/17.0.1 fire-core/21.0.0 device-model/lime fire-core-ktx/21.0.0 fire-analytics/22.0.2 android-platform/ fire-iid/20.2.3 android-target-sdk/35 fire-fcm/20.2.4">
        <string>2026-02-17</string>
    </set>
    <long name="fire-global" value="1771301562968" />
</map>
