<?xml version='1.0' encoding='utf-8' standalone='yes' ?>
<map>
    <string name="kafka_enabled_new">true</string>
    <string name="">http://img-profile.sunnxt.in/actorimage1/hdpi_Thumbnail_badge_new.png</string>
    <boolean name="isSSAIParamsEnabledAndroid" value="true" />
    <string name="support_phone">+914447878790</string>
    <boolean name="has mobile sign in" value="true" />
    <boolean name="downloadPreference" value="true" />
    <string name="pref_country">India</string>
    <string name="user_type">guest</string>
    <string name="kafka_url">https://streamstats.sunnxt.com/android/message/</string>
    <boolean name="kafka_content_started_fired" value="false" />
    <string name="freetag_logo_banner">free_badge_banner_new.png</string>
    <string name="paymentpath">/user/v2/billing/transaction/redirect/</string>
    <boolean name="showRating" value="true" />
    <int name="search_init_config_limit" value="0" />
    <int name="playerSkipDuration" value="30" />
    <string name="installed_date">17/02/2026 12:12:45 PM</string>
    <int name="pref_primary_user_id" value="75587780" />
    <string name="dfpAdTagAndroid">https://pubads.g.doubleclick.net/gampad/ads?iu=/300935110/Pre_and_Mid_Videos&amp;description_url=http%3A%2F%2Fwww.sunnxt.com&amp;tfcd=0&amp;npa=0&amp;sz=640x480&amp;gdfp_req=1&amp;output=vmap&amp;ad_rule=1&amp;unviewed_position_start=1&amp;env=vp&amp;impl=s&amp;vid=@contentid&amp;cmsid=2533811&amp;vpos=preroll,midroll&amp;correlator=</string>
    <string name="registrationText">Watch 4000+ movies, Live TV and more!@@SIGN UP@@EXISTING USER? SIGN IN!</string>
    <string name="search_time_span">800</string>
    <boolean name="show_New_Subscriptions_Page" value="true" />
    <string name="ad_Config_Android">{&quot;subprofile&quot;: &quot;true&quot;, &quot;ap&quot;: &quot;all&quot;}</string>
    <boolean name="did_user_optout" value="false" />
    <string name="user_country">IN</string>
    <string name="ratingMessage">Please rate and provide your valuable feedback to help us improve and give you the best possible experience.</string>
    <boolean name="show_switch_profile" value="false" />
    <string name="pref_ip_address">2409:40e1:300c:28de:cd89:f648:9849:3fff</string>
    <string name="kafka_enabled_content_started">true</string>
    <string name="ooyala_sponsor_ad_settings">{}</string>
    <int name="adIntervalInSeconds" value="300" />
    <string name="kafka_enabled_content_played">true</string>
    <string name="freetag_logo_tvshows">free_badge_channel_tile_new.png</string>
    <string name="paymentModeOffer">{&quot;results&quot;:[{&quot;paymentMode&quot;:&quot;debit card&quot;,&quot;image&quot;:&quot;https://sund-images.sunnxt.com/ProdConfig/payTMPromo.jpg&quot;},{&quot;paymentMode&quot;:&quot;paytm&quot;,&quot;image&quot;:&quot;https://sund-images.sunnxt.com/ProdConfig/payTMPromo.jpg&quot;}]}</string>
    <int name="ratingFrequency" value="3" />
    <string name="PREF_USER_ID">75587780</string>
    <int name="pref_app_launch_count_up" value="0" />
    <int name="ratingLiveSeconds" value="30" />
    <boolean name="play_Azure_Mobile" value="false" />
    <string name="user_price_charge">na</string>
    <boolean name="showSkipLogin" value="true" />
    <boolean name="DISABLE_DOWNLOAD" value="false" />
    <boolean name="delete downloads" value="true" />
    <boolean name="porting-done" value="true" />
    <string name="gender">M</string>
    <string name="freetag_logo_moviecards">free_badge_thumbnail_new.png</string>
    <string name="pref_isp">na</string>
    <string name="validity_end_date">na</string>
    <int name="epgSyncTime" value="5" />
    <string name="pref_asn">na</string>
    <string name="privacyText">Dear Subscriber, as part of our #privacy policy# we collect the IMEI number to ensure you enjoy Sun NXT on Multiple devices as per your subscription plan. Please accept to continue.</string>
    <string name="saved_languages">TAMIL‚‗‚HINDI‚‗‚TELUGU‚‗‚BENGALI‚‗‚MALAYALAM‚‗‚MARATHI‚‗‚KANNADA‚‗‚ENGLISH</string>
    <string name="user_partner_id"></string>
    <string name="userAgeRange">18 - 24 Years,25 - 34 Years,35 - 44 Years,45 - 60 Years,60+ Years</string>
    <string name="profile_Optional_Field_ROI">city</string>
    <string name="pref_client_key">52A7A0CA0195A7B97546EA6E79789AE66C1655BE890355A248ACA1E1F55EA3DCFB88564E52CF83831FC5A1B182B22B9FDE697D00DC4B014379CF6D4835630FC0023E0135BA1D9AA26B4623F68F96D103</string>
    <boolean name="deeplink_user" value="false" />
    <int name="pref_new_user_id" value="75587780" />
    <boolean name="policy_flag" value="true" />
    <string name="ooyala_sponsor_image_settings">{}</string>
    <boolean name="started_event_fired" value="false" />
    <string name="kafka_enabled">true</string>
    <string name="session_id_inhouse">9b34451f-2c84-3507-813b-6bb0b3fdb9ae</string>
    <boolean name="app_startup_ad" value="false" />
    <boolean name="new_user_status" value="false" />
    <boolean name="app_goes_background" value="false" />
    <int name="whichElementToCompare" value="0" />
    <boolean name="clevertap_present" value="true" />
    <string name="recentSearchCountLimit">3</string>
    <int name="pref_user_id" value="75587780" />
    <string name="newFlowIndia">true</string>
    <boolean name="clevertap_enable" value="true" />
    <string name="signupemailverification">false</string>
    <string name="pref_client_key_expiry">2026-08-16T04:12:45Z</string>
    <boolean name="PREF_LOGIN_USER_STATUS" value="true" />
    <string name="pref_start_time"></string>
    <string name="ranking_card_images">https://sund-images.sunnxt.com/ranking-card-images/mobile/{NUMBER}.png</string>
    <boolean name="EU_USER_ENABLED" value="false" />
    <string name="pref_secret_key">8O5xEnjblI11Y3h2PqX6SWVufY3Usa0dUN7jomdT/Rc=&#10;    </string>
    <string name="initial_user_language">english</string>
    <long name="totalMOU" value="0" />
    <string name="currentUserState"></string>
    <string name="dolby_logo_banner">banner.png</string>
    <string name="vernacularJsonLink">https://sund-images.sunnxt.com/ProdConfig/vernacular_strings_18thApr.json</string>
    <string name="minsforAnalyticsLocalStore">300</string>
    <string name="dfpAdTag">https://pubads.g.doubleclick.net/gampad/ads?sz=640x480&amp;iu=/300935110/New_Ad_Unit&amp;impl=s&amp;gdfp_req=1&amp;env=vp&amp;output=vast&amp;unviewed_position_start=1&amp;url=[referrer_url]&amp;description_url=[description_url]&amp;correlator=[timestamp]&amp;vpos=preroll&amp;ad_rule=0</string>
    <int name="profile_count" value="1" />
    <string name="maturity_timer">10,true,RATED</string>
    <boolean name="pref_show_cast_for_music_comedy" value="false" />
    <string name="dolby_logo_thumbnail">thumbnail.png</string>
    <string name="android_player_events">Play,Pause,Delete,Seek,Complete,Resume,Stop,DownloadComplete,Download,Play,DownloadCancel,DownloadComplete</string>
    <string name="pref_city">Siliguri</string>
    <boolean name="enableAdInterval" value="false" />
    <string name="buffer_config_android">{ &quot;live&quot;:{ &quot;max&quot;:30, &quot;min&quot;:15 }, &quot;vod&quot;:{ &quot;max&quot;:30, &quot;min&quot;:30 } }</string>
    <string name="validity_end_date_new">na</string>
    <int name="ratingContentPercentage" value="5" />
    <string name="pref_def_profile"></string>
    <string name="inhouse_config">{&quot;eventsEnabled&quot;:true,&quot;url&quot;:&quot;https:\/\/5ok9yt7rw6.execute-api.ap-south-1.amazonaws.com\/prod\/events&quot;}</string>
    <string name="authentication_type">password</string>
    <string name="dolby_logo_detail_screen">detailScreen.png</string>
    <boolean name="isDolbyDevice" value="false" />
    <boolean name="RESET_IN_APP_RATING" value="true" />
    <string name="paymenthost">api.sunnxt.com</string>
    <boolean name="clevertap_token" value="false" />
    <string name="user_language">Hindi</string>
    <string name="pref_msisdn_login_status">success</string>
    <string name="payment mode">na</string>
    <string name="coachmarkInternationalRoaming">Activate international roaming for seamless access of Sun NXT  while you travel abroad.</string>
    <int name="seekTimespan" value="400" />
    <string name="profile_Optional_Field">test</string>
    <string name="LIVE_CHANNELS_LIST_ANDROID">https://api.sunnxt.com/content/v2/contentList?fields=images,generalInfo&amp;tags=liveHome&amp;genre=&amp;type=live&amp;language=&amp;query=&amp;orderMode=1&amp;publishingHouseId=&amp;siblingOrder=&amp;GlobalServiceId=&amp;contentRights=&amp;person=&amp;orderBy=siblingorder&amp;displayLanguage=&amp;betweenDates=&amp;startIndex=1&amp;count=40</string>
    <string name="pref_state">West Bengal</string>
    <string name="auto scroll view pager timing">7.0</string>
    <string name="kafka_enabled_player_error">true</string>
    <boolean name="dfpAdTagEnabled" value="false" />
    <string name="pref_msisdn_no"></string>
    <int name="VERSION_CODE" value="200341" />
    <long name="baseMOU" value="0" />
    <string name="seed_value">616664696E61685074797520547565204665622031372031323A31323A343520474D542B30383A3030203230323620736777657768746E614B455247</string>
    <string name="pref_language_local">{&quot;Clear All&quot;:{&quot;tamil&quot;:&quot;அழி&quot;,&quot;telugu&quot;:&quot;ప్రశాంతంగా&quot;,&quot;malayalam&quot;:&quot;മായ്‌ക്കുക&quot;,&quot;kannada&quot;:&quot;ಸ್ಪಷ್ಟ ಎಲ್ಲಾ&quot;},&quot;MOVIES&quot;:{&quot;tamil&quot;:&quot;திரைப்படங்கள்&quot;,&quot;telugu&quot;:&quot;సినిమాలు&quot;,&quot;malayalam&quot;:&quot;സിനിമകൾ&quot;,&quot;kannada&quot;:&quot;ಚಲನಚಿತ್ರಗಳು&quot;},&quot;TV SHOWS&quot;:{&quot;tamil&quot;:&quot;தொலைக்காட்சி நிகழ்ச்சி&quot;,&quot;telugu&quot;:&quot;టీవీ ప్రదర్శన&quot;,&quot;malayalam&quot;:&quot;ടെലിവിഷന് പരിപാടി&quot;,&quot;kannada&quot;:&quot;ಟಿವಿ ಪ್ರದರ್ಶನಗಳು&quot;},&quot;ARTISTS&quot;:{&quot;tamil&quot;:&quot;கலைஞர்&quot;,&quot;telugu&quot;:&quot;కళాకారులు&quot;,&quot;malayalam&quot;:&quot;കലാകാരന്&quot;,&quot;kannada&quot;:&quot;ಚಿತ್ರಕಾರ&quot;},&quot;MUSIC VIDEOS&quot;:{&quot;tamil&quot;:&quot;இசை வீடியோக்கள்&quot;,&quot;telugu&quot;:&quot;సంగీతం వీడియోలు&quot;,&quot;malayalam&quot;:&quot;മ്യൂസിക് വീഡിയോകൾ&quot;,&quot;kannada&quot;:&quot;ಸಂಗೀತ ವೀಡಿಯೊಗಳು&quot;},&quot;LIVE TV&quot;:{&quot;tamil&quot;:&quot;லைவ் - டிவி&quot;,&quot;telugu&quot;:&quot;లైవ్ టీవీ&quot;,&quot;malayalam&quot;:&quot;ലൈവ് ടിവി&quot;,&quot;kannada&quot;:&quot;ಲೈವ್ ಟಿವಿ&quot;},&quot;COMEDY CLIPS&quot;:{&quot;tamil&quot;:&quot;நகைச்சுவை&quot;,&quot;telugu&quot;:&quot;కామెడీ క్లిప్స్&quot;,&quot;malayalam&quot;:&quot;കോമഡി ക്ലിപ്പുകൾ&quot;,&quot;kannada&quot;:&quot;ಹಾಸ್ಯ ಕ್ಲಿಪ್‌ಗಳು&quot;}}</string>
    <boolean name="IS_AKAMI_ENABLED" value="true" />
    <int name="seekbarUpValue" value="30" />
    <string name="userIDForDownload">75587780</string>
    <string name="pref_partner_id"></string>
    <string name="user_package_price">na</string>
    <string name="user_language_translated">english</string>
    <boolean name="enableRemoteConfigAndroid" value="true" />
    <boolean name="legacy_download_android" value="false" />
    <string name="acquisitoinPartner">sunnxtfree</string>
    <string name="ooyala_ad_settings">{&quot;vod&quot;:&quot;true&quot;,&quot;movie&quot;:&quot;true&quot;,&quot;all&quot;:&quot;true&quot;,&quot;musicvideo&quot;:&quot;true&quot;,&quot;live&quot;:&quot;true&quot;}</string>
    <string name="pref_download_Alert_Text">You are offline. Explore Downloads now.</string>
    <boolean name="isUserSubscribed" value="false" />
    <int name="pref_mixpanel_event_priority" value="1" />
    <boolean name="did_user_roaming" value="false" />
    <string name="dolby_phone_url">http://sund-images.sunnxt.in/dolby/phone/</string>
    <string name="PREF_PROFILE_TYPE">PRIMARY</string>
    <string name="signInSignUpBgImageLandscape">https://sund-images.sunnxt.com/signup/1920x1080_TV_Web_Tablet_Landscape.jpg</string>
    <string name="support_mail">contact@sunnxt.com</string>
    <string name="timeforConCurrency">90</string>
    <boolean name="is_otp_enable_signUp" value="false" />
    <boolean name="pref_enable_hungama_sdk" value="false" />
    <string name="display_text">Subscribe</string>
    <string name="movie trigger times">movie=300,900,1800,3000,4500,5400,6600,7800-vod=300,600,900,1500,2400,3300,4800,6300-others=300</string>
    <boolean name="update continue watching" value="false" />
    <boolean name="has gmail sign in" value="false" />
    <string name="pref_device_id">9686913a-f946-5e7a-b139-8a4336b1af25</string>
    <int name="total_laguage" value="8" />
    <string name="offerBannerURL">https://sund-images.s3.ap-southeast-1.amazonaws.com/subs/promo_img_text.png</string>
    <string name="download_bitrate_config">{&quot;datasaver_min&quot;:&quot;10&quot;,&quot;datasaver_max&quot;:&quot;700&quot;,&quot;good_min&quot;:&quot;10&quot;,&quot;good_max&quot;:&quot;1500&quot;,&quot;best_min&quot;:&quot;10&quot;,&quot;best_max&quot;:&quot;2000&quot;,&quot;hd_min&quot;:&quot;10&quot;,&quot;hd_max&quot;:&quot;3670&quot;}</string>
    <boolean name="AD_ENABLE" value="true" />
    <boolean name="enabledSubDomainAPI" value="false" />
    <string name="subscriptionStatus">Expired</string>
    <string name="androidBitrateCap">sd=700-3500&amp;hd=1000-3500</string>
    <string name="pref_tracking_distinct_id">BQOj3T45fMIYljuC3uULwI1cBKGrvKBqAEpLQJPPGaY</string>
    <string name="pref_uuid">29fa3d8b-e055-4643-b9a2-878f5b6e5b3e</string>
    <string name="kid_default">All,7+</string>
    <string name="signInSignUpBgImage">https://sund-images.sunnxt.com/signup/1080x1920_Mobile.jpg</string>
    <boolean name="is_categorized_search" value="true" />
    <string name="delete_account_message">We are sorry to see you leave. We would appreciate an opportunity to address any concerns you may have. Please share your feedback with us at contact@sunnxt.com. We would also like to inform you that deleting your account will cancel your active Sun NXT subscription without any refund. You will no longer have access to paid content on Sun NXT. And if you had opted for auto-renewal, please remember to manually cancel it through the payment gateway you used during the subscription.</string>
    <boolean name="resetPlaybackCounter" value="false" />
    <boolean name="enableInternationalRoaming" value="true" />
    <string name="saved_languages_translated">தமிழ்‚‗‚हिन्दी‚‗‚తెలుగు‚‗‚বাংলা‚‗‚മലയാളം‚‗‚मराठी‚‗‚ಕನ್ನಡ‚‗‚ENGLISH</string>
    <string name="loginMethod">mobile</string>
    <boolean name="userNeedToGiveRating" value="true" />
    <string name="PREF_ROAMING_STATUS">{}</string>
    <int name="search_page_count" value="10" />
    <string name="acquisitoinPartnerNew">free</string>
    <string name="downloadRestrictionMessage">Download Not Available.</string>
    <string name="ENDPOINT">events</string>
    <string name="user_package_id"></string>
    <string name="BASE_URL">https://5ok9yt7rw6.execute-api.ap-south-1.amazonaws.com/prod/</string>
    <string name="subtitleLogo">http://sund-images.sunnxt.in/dolby/phone/mdpi_NULL</string>
    <string name="age">18 - 24 Years</string>
    <string name="dfp_ad_partner_config">{&quot;sunnxtpaidmonthly&quot;:{&quot;key&quot;:&quot;sub&quot;,&quot;value&quot;:&quot;monthly&quot;},&quot;jio_stb&quot;:{&quot;key&quot;:&quot;partner&quot;,&quot;value&quot;:&quot;jiostb&quot;},&quot;tatasky&quot;:{&quot;key&quot;:&quot;partner&quot;,&quot;value&quot;:&quot;tatasky&quot;},&quot;vodafone&quot;:{&quot;key&quot;:&quot;partner&quot;,&quot;value&quot;:&quot;vodafone&quot;},&quot;sun_direct&quot;:{&quot;key&quot;:&quot;partner&quot;,&quot;value&quot;:&quot;sundirect&quot;},&quot;sunnxtpaidannual&quot;:{&quot;key&quot;:&quot;sub&quot;,&quot;value&quot;:&quot;annual&quot;},&quot;sunnxtpaidquarterly&quot;:{&quot;key&quot;:&quot;sub&quot;,&quot;value&quot;:&quot;quarterly&quot;},&quot;sunnxtfree&quot;:{&quot;key&quot;:&quot;sub&quot;,&quot;value&quot;:&quot;free&quot;},&quot;privilege&quot;:{&quot;key&quot;:&quot;sub&quot;,&quot;value&quot;:&quot;privilege&quot;}}</string>
    <boolean name="billing_state_status" value="false" />
</map>
