<?xml version='1.0' encoding='utf-8' standalone='yes' ?>
<map>
    <string name="ict_date:__954e5e20845d490896462b199cae9429:WW6-54K-855Z">17022026</string>
    <string name="cachedGUIDsKey:WW6-54K-855Z">{&quot;Identity_75587780&quot;:&quot;__954e5e20845d490896462b199cae9429&quot;,&quot;identity_75587780&quot;:&quot;__954e5e20845d490896462b199cae9429&quot;}</string>
    <int name="encryptionLevel:WW6-54K-855Z" value="0" />
    <int name="encryptionMigrationFailureCount:WW6-54K-855Z" value="0" />
    <int name="sexe:WW6-54K-855Z" value="1771301593" />
    <boolean name="allowSystemEvents:__954e5e20845d490896462b199cae9429:WW6-54K-855Z" value="true" />
    <string name="pfworkid">WW6-54K-855Z</string>
    <int name="imc:__954e5e20845d490896462b199cae9429:WW6-54K-855Z" value="1" />
    <int name="cachedGUIDsLengthKey:WW6-54K-855Z" value="2" />
    <string name="deviceId:WW6-54K-855Z">__954e5e20845d490896462b199cae9429</string>
    <boolean name="ssInAppMigrated:WW6-54K-855Z" value="true" />
    <boolean name="OptOut:__954e5e20845d490896462b199cae9429:WW6-54K-855Z" value="false" />
    <boolean name="NetworkInfo:WW6-54K-855Z" value="true" />
    <int name="lastSessionId:WW6-54K-855Z" value="1771301563" />
    <string name="instance:WW6-54K-855Z">{&quot;accountId&quot;:&quot;WW6-54K-855Z&quot;,&quot;accountToken&quot;:&quot;345-600&quot;,&quot;accountRegion&quot;:&quot;eu1&quot;,&quot;analyticsOnly&quot;:false,&quot;isDefaultInstance&quot;:true,&quot;useGoogleAdId&quot;:false,&quot;disableAppLaunchedEvent&quot;:false,&quot;personalization&quot;:true,&quot;debugLevel&quot;:0,&quot;createdPostAppLaunch&quot;:true,&quot;sslPinning&quot;:false,&quot;backgroundSync&quot;:true,&quot;getEnableCustomCleverTapId&quot;:false,&quot;beta&quot;:false,&quot;encryptionLevel&quot;:0,&quot;encryptionInTransit&quot;:&quot;0&quot;,&quot;allowedPushTypes&quot;:[]}</string>
    <int name="istmcd_inapp:__954e5e20845d490896462b199cae9429:WW6-54K-855Z" value="3" />
    <string name="SP_KEY_PROFILE_IDENTITIES:WW6-54K-855Z">Email,Identity</string>
    <int name="comms_first_ts:WW6-54K-855Z" value="1771301565" />
    <int name="comms_last_ts:WW6-54K-855Z" value="1771301591" />
    <int name="istc_inapp:__954e5e20845d490896462b199cae9429:WW6-54K-855Z" value="0" />
    <long name="last_assets_cleanup" value="1771301565866" />
</map>
