<?xml version='1.0' encoding='utf-8' standalone='yes' ?>
<map>
    <int name="d_ts" value="0" />
    <int name="dh" value="0" />
    <int name="hgt" value="13" />
    <string name="av">4.1.71</string>
    <int name="v" value="2" />
    <int name="wdt" value="6" />
    <string name="j_n">Zw==</string>
    <string name="i_n">ZWhqcwIFBQ1j</string>
    <int name="r_ts" value="1771301592" />
    <string name="id">WW6-54K-855Z</string>
    <string name="k_n">DHhlfgcIBgNvanAW</string>
    <string name="j_s">{}</string>
</map>
