{"configs_key":{"HORIZONTAL_PLAN_TEXT":"ShemarooMe Premium Plan","PAY_BTN_BG":"#D41F52","PLANS_PAGE":"screen_1","PLANS_PAGE_TITTLE":"ShemarooMe Premium Plan","PackDetails":"{\"pack_details\": [ { \"info\": \"Ad Free Content\", \"value\": \"yes\", \"image_url\": \"https:\/\/daex9l847wg3n.cloudfront.net\/shemoutputimages\/plans_images\/advertise.png\" }, { \"info\": \"HD Quality\", \"value\": \"4k UHD\", \"image_url\": \"https:\/\/daex9l847wg3n.cloudfront.net\/shemoutputimages\/plans_images\/hd.png\" }, { \"info\": \"Devices\", \"value\": \"2\", \"image_url\": \"https:\/\/daex9l847wg3n.cloudfront.net\/shemoutputimages\/plans_images\/devices.png\" }, { \"info\": \"Live Feeds\", \"value\": \"no\", \"image_url\": \"https:\/\/daex9l847wg3n.cloudfront.net\/shemoutputimages\/plans_images\/live.png\" } ]}","UI_TYPE":"ui1"},"fetch_time_key":1770403966122,"abt_experiments_key":[],"personalization_metadata_key":{},"template_version_number_key":6,"rollout_metadata_key":[]}