{"Fid":"cEGDTkS8S8KwwIny5-MXMX","Status":3,"AuthToken":"eyJhbGciOiJFUzI1NiIsInR5cCI6IkpXVCJ9.eyJhcHBJZCI6IjE6NTM1ODAyMDk2NjgxOmFuZHJvaWQ6MmM5YThhMTFkMGM0OTc1OSIsImV4cCI6MTc3MTkwNDUzNiwiZmlkIjoiY0VHRFRrUzhTOEt3d0lueTUtTVhNWCIsInByb2plY3ROdW1iZXIiOjUzNTgwMjA5NjY4MX0.AB2LPV8wRgIhAKk_mDbAK025ekfpROT7pRfGTfz5Cb1M3IsRNjRgthl_AiEAhegFLCp4mXOqq0ou5VWV06JHntDjZE8VPM6wD2m4B3U","RefreshToken":"3_AS3qfwLfiR00sII3wb83y9gyXneQQQrYmvt5MHiilrQO467yBovGs6imEv__c7zEpGTt5BxlfkxRcJ9P4qNKaxi06n5j5d4zblErYhm9T6hDAQ","TokenCreationEpochInSecs":1771299737,"ExpiresInSecs":604800}