{"Fid":"cMfDlFhiTMW2mM9zWXIKUV","Status":3,"AuthToken":"eyJhbGciOiJFUzI1NiIsInR5cCI6IkpXVCJ9.eyJhcHBJZCI6IjE6NTM1ODAyMDk2NjgxOmFuZHJvaWQ6MmM5YThhMTFkMGM0OTc1OSIsImV4cCI6MTc3MTAwODc4NywiZmlkIjoiY01mRGxGaGlUTVcybU05eldYSUtVViIsInByb2plY3ROdW1iZXIiOjUzNTgwMjA5NjY4MX0.AB2LPV8wRAIgMsO9Ok4s3FnmTDPm-tb_MSbHejvU1kbNspUrj_b54kACIGQ0umf2O-IvQhoTL9ROjxU6dfJ-u0KMWnT13w57IQGg","RefreshToken":"3_AS3qfwI9GiG1YWPevPCM19I8L2Mh_U8H6QSNHwmh43RZDMhLYPD_9EQDKqqzbJS91xy269nGVsXe7ZU2XrvvoCihPkwUCrbvf8_WbKLzPPWmthI","TokenCreationEpochInSecs":1770403988,"ExpiresInSecs":604800}